CardID,CustomerID,CardType,ProductType,CreditLimit,IssueDate,ExpiryDate,Status,LoadDate
CRD0001,C001,,Virtual Card,78000.0,2019-01-09,2028-04-18,Blocked,2026-05-20 21:18:03.971924
CRD0002,C002,,Cheque Card,240000.0,2024-11-08,2028-06-23,Expired,2026-05-20 21:18:03.971924
CRD0003,C002,,Credit Card,113000.0,2020-07-29,2030-12-28,Expired,2026-05-20 21:18:03.971924
CRD0004,C003,,Cheque Card,64000.0,2021-03-13,2027-06-08,Active,2026-05-20 21:18:03.971924
CRD0005,C003,,Cheque Card,155000.0,2024-02-16,2031-01-02,Active,2026-05-20 21:18:03.971924
CRD0006,C004,,Cheque Card,55000.0,2025-08-08,2027-01-27,Blocked,2026-05-20 21:18:03.971924
CRD0007,C004,,Virtual Card,57000.0,2020-07-05,2029-03-06,Active,2026-05-20 21:18:03.971924
CRD0008,C005,,Cheque Card,124000.0,2024-06-01,2029-03-26,Active,2026-05-20 21:18:03.971924
CRD0009,C006,,Credit Card,63000.0,2023-05-06,2030-01-25,Expired,2026-05-20 21:18:03.971924
CRD0010,C006,,Cheque Card,57000.0,2023-04-25,2028-09-23,Expired,2026-05-20 21:18:03.971924
CRD0011,C007,,Cheque Card,50000.0,2022-11-05,2028-01-12,Blocked,2026-05-20 21:18:03.971924
CRD0012,C007,,Credit Card,51000.0,2025-10-03,2030-04-22,Expired,2026-05-20 21:18:03.971924
CRD0013,C007,,Virtual Card,60000.0,2022-07-09,2030-05-16,Expired,2026-05-20 21:18:03.971924
CRD0014,C008,,Credit Card,16000.0,2022-04-05,2030-03-26,Blocked,2026-05-20 21:18:03.971924
CRD0015,C008,,Credit Card,281000.0,2020-12-29,2029-03-16,Expired,2026-05-20 21:18:03.971924
CRD0016,C008,Silver,Cheque Card,,2022-12-13,2029-07-14,Blocked,2026-05-20 21:18:03.971924
CRD0017,C009,Business,Virtual Card,,2024-12-26,2027-12-26,Blocked,2026-05-20 21:18:03.971924
CRD0018,C009,Silver,Virtual Card,,2019-04-14,2028-07-08,Active,2026-05-20 21:18:03.971924
CRD0019,C010,Platinum,Cheque Card,,2020-10-21,2027-12-27,Expired,2026-05-20 21:18:03.971924
CRD0020,C011,Silver,Virtual Card,,2021-04-15,2030-08-10,Expired,2026-05-20 21:18:03.971924
CRD0021,C012,Student,Credit Card,,2021-07-07,2030-07-18,Expired,2026-05-20 21:18:03.971924
CRD0022,C013,Platinum,Virtual Card,,2019-07-12,2028-07-09,Blocked,2026-05-20 21:18:03.971924
CRD0023,C013,Gold,Virtual Card,,2025-03-11,2026-09-07,Active,2026-05-20 21:18:03.971924
CRD0024,C014,Silver,Cheque Card,,2023-02-15,2030-08-13,Expired,2026-05-20 21:18:03.971924
CRD0025,C014,Student,Virtual Card,,2021-03-03,2028-01-12,Blocked,2026-05-20 21:18:03.971924
CRD0026,C015,Gold,Credit Card,,2024-10-05,2027-01-19,Blocked,2026-05-20 21:18:03.971924
CRD0027,C016,Platinum,Cheque Card,,2020-10-21,2029-08-28,Blocked,2026-05-20 21:18:03.971924
CRD0028,C017,Gold,Credit Card,,2020-09-21,2028-03-10,Expired,2026-05-20 21:18:03.971924
CRD0029,C018,Business,Virtual Card,,2022-05-18,2029-02-17,Expired,2026-05-20 21:18:03.971924
CRD0030,C019,Platinum,Virtual Card,,2024-11-22,2027-08-13,Active,2026-05-20 21:18:03.971924
CRD0031,C019,Gold,Virtual Card,35000.0,2023-08-31,2029-06-05,Expired,2026-05-20 21:18:03.971924
CRD0032,C020,Platinum,Credit Card,134000.0,2022-09-21,2028-03-28,Blocked,2026-05-20 21:18:03.971924
CRD0033,C021,Student,Virtual Card,10000.0,2024-04-29,2029-07-12,Expired,2026-05-20 21:18:03.971924
CRD0034,C022,Silver,Cheque Card,17000.0,2025-11-18,2029-11-12,Active,2026-05-20 21:18:03.971924
CRD0035,C023,Student,Cheque Card,8000.0,2020-04-09,2028-07-18,Blocked,2026-05-20 21:18:03.971924
CRD0036,C023,Student,Cheque Card,2000.0,2024-10-18,2030-12-28,Blocked,2026-05-20 21:18:03.971924
CRD0037,C023,Student,Virtual Card,9000.0,2024-06-16,2026-08-17,Blocked,2026-05-20 21:18:03.971924
CRD0038,C024,Platinum,Virtual Card,60000.0,2020-01-29,2027-04-27,Expired,2026-05-20 21:18:03.971924
CRD0039,C024,Gold,Virtual Card,29000.0,2021-05-13,2030-02-20,Expired,2026-05-20 21:18:03.971924
CRD0040,C025,Silver,Cheque Card,13000.0,2021-04-22,2029-05-25,Expired,2026-05-20 21:18:03.971924
CRD0041,C025,Silver,Virtual Card,23000.0,2019-10-23,2030-07-27,Expired,2026-05-20 21:18:03.971924
CRD0042,C026,Gold,Cheque Card,27000.0,2019-12-25,2026-10-17,Active,2026-05-20 21:18:03.971924
CRD0043,C027,Platinum,Credit Card,123000.0,2021-07-21,2027-10-31,Blocked,2026-05-20 21:18:03.971924
CRD0044,C028,Gold,Cheque Card,45000.0,2019-03-11,2028-07-25,Expired,2026-05-20 21:18:03.971924
CRD0045,C029,Platinum,Virtual Card,129000.0,2019-09-17,2030-08-15,Expired,2026-05-20 21:18:03.971924
CRD0046,C030,Gold,Credit Card,47000.0,2024-08-21,2026-12-23,Blocked,2026-05-20 21:18:03.971924
CRD0047,C030,Silver,Cheque Card,29000.0,2019-12-21,2027-12-17,Blocked,2026-05-20 21:18:03.971924
CRD0048,C031,Gold,Credit Card,55000.0,2020-10-02,2029-05-16,Active,2026-05-20 21:18:03.971924
CRD0049,C032,Platinum,Virtual Card,87000.0,2020-08-13,2028-01-20,Expired,2026-05-20 21:18:03.971924
CRD0050,C033,Business,Virtual Card,265000.0,2023-03-09,2026-06-11,Expired,2026-05-20 21:18:03.971924
CRD0051,C033,Silver,Credit Card,13000.0,2019-06-21,2026-05-30,Expired,2026-05-20 21:18:03.971924
CRD0052,C034,Gold,Credit Card,44000.0,2021-05-10,2030-07-30,Expired,2026-05-20 21:18:03.971924
CRD0053,C034,Silver,Cheque Card,16000.0,2023-08-18,2030-01-01,Expired,2026-05-20 21:18:03.971924
CRD0054,C035,Platinum,Virtual Card,82000.0,2021-03-06,2027-01-09,Active,2026-05-20 21:18:03.971924
CRD0055,C036,Gold,Credit Card,73000.0,2025-02-26,2028-12-19,Expired,2026-05-20 21:18:03.971924
CRD0056,C036,Gold,Cheque Card,67000.0,2019-10-03,2027-10-15,Active,2026-05-20 21:18:03.971924
CRD0057,C037,Student,Cheque Card,7000.0,2020-06-09,2030-02-22,Expired,2026-05-20 21:18:03.971924
CRD0058,C038,Platinum,Credit Card,74000.0,2022-07-25,2029-02-08,Blocked,2026-05-20 21:18:03.971924
CRD0059,C039,Gold,Virtual Card,62000.0,2020-09-16,2029-07-21,Expired,2026-05-20 21:18:03.971924
CRD0060,C040,Platinum,Cheque Card,71000.0,2019-01-20,2028-02-20,Active,2026-05-20 21:18:03.971924
CRD0061,C041,Gold,Virtual Card,52000.0,2022-02-07,2031-02-03,Blocked,2026-05-20 21:18:03.971924
CRD0062,C041,Platinum,Virtual Card,92000.0,2024-05-19,2028-12-22,Blocked,2026-05-20 21:18:03.971924
CRD0063,C042,Platinum,Virtual Card,63000.0,2020-12-20,2030-01-01,Expired,2026-05-20 21:18:03.971924
CRD0064,C043,Silver,Credit Card,27000.0,2021-03-15,2027-11-10,Expired,2026-05-20 21:18:03.971924
CRD0065,C044,Platinum,Credit Card,52000.0,2024-09-08,2029-12-03,Active,2026-05-20 21:18:03.971924
CRD0066,C044,Silver,Virtual Card,22000.0,2025-08-13,2027-07-29,Active,2026-05-20 21:18:03.971924
CRD0067,C045,Gold,Virtual Card,55000.0,2020-08-31,2028-06-07,Blocked,2026-05-20 21:18:03.971924
CRD0068,C045,Platinum,Virtual Card,143000.0,2022-04-06,2027-02-18,Blocked,2026-05-20 21:18:03.971924
CRD0069,C046,Platinum,Cheque Card,114000.0,2019-02-13,2030-02-05,Active,2026-05-20 21:18:03.971924
CRD0070,C047,Silver,Virtual Card,15000.0,2024-10-06,2027-03-03,Blocked,2026-05-20 21:18:03.971924
CRD0071,C047,Platinum,Virtual Card,122000.0,2020-08-21,2030-07-05,Expired,2026-05-20 21:18:03.971924
CRD0072,C048,Platinum,Credit Card,147000.0,2024-06-20,2027-09-06,Active,2026-05-20 21:18:03.971924
CRD0073,C049,Platinum,Virtual Card,76000.0,2024-10-22,2030-10-26,Blocked,2026-05-20 21:18:03.971924
CRD0074,C050,Student,Credit Card,2000.0,2022-08-20,2026-12-17,Expired,2026-05-20 21:18:03.971924
CRD0075,C051,Silver,Cheque Card,18000.0,2025-06-28,2029-06-07,Expired,2026-05-20 21:18:03.971924
CRD0076,C051,Platinum,Virtual Card,98000.0,2023-02-05,2029-09-04,Expired,2026-05-20 21:18:03.971924
CRD0077,C051,Silver,Credit Card,26000.0,2021-10-27,2028-06-28,Active,2026-05-20 21:18:03.971924
CRD0078,C052,Student,Cheque Card,9000.0,2024-05-28,2031-05-10,Expired,2026-05-20 21:18:03.971924
CRD0079,C053,Silver,Cheque Card,15000.0,2021-07-31,2026-10-24,Expired,2026-05-20 21:18:03.971924
CRD0080,C054,Business,Credit Card,140000.0,2023-01-23,2029-10-03,Expired,2026-05-20 21:18:03.971924
CRD0081,C054,Student,Virtual Card,5000.0,2023-08-26,2030-12-06,Blocked,2026-05-20 21:18:03.971924
CRD0082,C055,Gold,Cheque Card,55000.0,2021-05-13,2029-09-10,Active,2026-05-20 21:18:03.971924
CRD0083,C055,Gold,Cheque Card,26000.0,2021-09-25,2026-08-16,Active,2026-05-20 21:18:03.971924
CRD0084,C056,Platinum,Virtual Card,115000.0,2019-06-10,2031-05-18,Expired,2026-05-20 21:18:03.971924
CRD0085,C056,Platinum,Credit Card,83000.0,2021-01-07,2029-04-12,Blocked,2026-05-20 21:18:03.971924
CRD0086,C057,Gold,Credit Card,71000.0,2022-03-07,2026-11-11,Active,2026-05-20 21:18:03.971924
CRD0087,C057,Gold,Cheque Card,55000.0,2020-11-29,2027-08-12,Blocked,2026-05-20 21:18:03.971924
CRD0088,C058,Silver,Credit Card,29000.0,2024-09-23,2027-11-12,Active,2026-05-20 21:18:03.971924
CRD0089,C058,Gold,Cheque Card,54000.0,2025-09-09,2029-09-10,Active,2026-05-20 21:18:03.971924
CRD0090,C059,Gold,Credit Card,26000.0,2021-04-08,2029-04-24,Expired,2026-05-20 21:18:03.971924
CRD0091,C060,Silver,Virtual Card,13000.0,2020-12-27,2029-01-18,Expired,2026-05-20 21:18:03.971924
CRD0092,C060,Gold,Virtual Card,57000.0,2020-04-26,2026-11-26,Blocked,2026-05-20 21:18:03.971924
CRD0093,C061,Silver,Virtual Card,10000.0,2023-11-03,2029-04-23,Blocked,2026-05-20 21:18:03.971924
CRD0094,C061,Platinum,Credit Card,139000.0,2024-12-10,2028-10-14,Active,2026-05-20 21:18:03.971924
CRD0095,C062,Gold,Cheque Card,47000.0,2025-08-09,2030-11-22,Expired,2026-05-20 21:18:03.971924
CRD0096,C062,Silver,Virtual Card,28000.0,2020-02-05,2028-10-07,Active,2026-05-20 21:18:03.971924
CRD0097,C062,Platinum,Credit Card,60000.0,2022-03-06,2029-09-26,Expired,2026-05-20 21:18:03.971924
CRD0098,C063,Gold,Virtual Card,72000.0,2019-01-30,2029-08-15,Expired,2026-05-20 21:18:03.971924
CRD0099,C064,Platinum,Virtual Card,76000.0,2022-07-17,2028-09-03,Blocked,2026-05-20 21:18:03.971924
CRD0100,C065,Student,Virtual Card,6000.0,2021-12-06,2031-03-05,Expired,2026-05-20 21:18:03.971924
CRD0101,C066,Gold,Cheque Card,68000.0,2023-06-16,2030-08-13,Active,2026-05-20 21:18:03.971924
CRD0102,C067,Silver,Cheque Card,15000.0,2023-02-25,2029-07-08,Expired,2026-05-20 21:18:03.971924
CRD0103,C068,Business,Virtual Card,188000.0,2023-06-19,2030-07-04,Active,2026-05-20 21:18:03.971924
CRD0104,C069,Silver,Virtual Card,17000.0,2024-01-04,2030-10-09,Expired,2026-05-20 21:18:03.971924
CRD0105,C069,Business,Credit Card,154000.0,2024-09-13,2028-08-17,Blocked,2026-05-20 21:18:03.971924
CRD0106,C070,Gold,Virtual Card,70000.0,2019-08-02,2027-04-14,Blocked,2026-05-20 21:18:03.971924
CRD0107,C070,Business,Credit Card,123000.0,2020-08-18,2029-01-09,Expired,2026-05-20 21:18:03.971924
CRD0108,C071,Platinum,Credit Card,97000.0,2019-11-24,2029-10-18,Active,2026-05-20 21:18:03.971924
CRD0109,C072,Silver,Cheque Card,29000.0,2024-11-04,2027-12-27,Expired,2026-05-20 21:18:03.971924
CRD0110,C072,Business,Credit Card,298000.0,2020-12-18,2029-12-21,Blocked,2026-05-20 21:18:03.971924
CRD0111,C073,Silver,Virtual Card,26000.0,2022-03-17,2027-06-22,Active,2026-05-20 21:18:03.971924
CRD0112,C074,Silver,Virtual Card,17000.0,2020-11-25,2030-02-28,Active,2026-05-20 21:18:03.971924
CRD0113,C074,Silver,Virtual Card,10000.0,2020-10-06,2026-11-13,Blocked,2026-05-20 21:18:03.971924
CRD0114,C075,Gold,Cheque Card,50000.0,2025-07-28,2027-07-04,Expired,2026-05-20 21:18:03.971924
CRD0115,C075,Platinum,Virtual Card,58000.0,2020-01-05,2029-06-18,Blocked,2026-05-20 21:18:03.971924
CRD0116,C076,Gold,Virtual Card,47000.0,2022-11-24,2030-12-15,Blocked,2026-05-20 21:18:03.971924
CRD0117,C076,Platinum,Credit Card,108000.0,2023-07-13,2029-08-09,Active,2026-05-20 21:18:03.971924
CRD0118,C077,Gold,Credit Card,60000.0,2019-10-24,2029-03-15,Blocked,2026-05-20 21:18:03.971924
CRD0119,C078,Platinum,Virtual Card,82000.0,2025-01-12,2030-12-10,Expired,2026-05-20 21:18:03.971924
CRD0120,C079,Platinum,Cheque Card,122000.0,2024-06-03,2030-09-12,Active,2026-05-20 21:18:03.971924
CRD0121,C080,Business,Cheque Card,274000.0,2024-03-02,2029-09-02,Active,2026-05-20 21:18:03.971924
CRD0122,C080,Gold,Cheque Card,29000.0,2023-04-17,2029-12-07,Active,2026-05-20 21:18:03.971924
CRD0123,C081,Platinum,Cheque Card,102000.0,2022-12-17,2029-04-11,Expired,2026-05-20 21:18:03.971924
CRD0124,C081,Platinum,Cheque Card,81000.0,2022-03-22,2026-11-26,Blocked,2026-05-20 21:18:03.971924
CRD0125,C082,Student,Credit Card,10000.0,2021-01-01,2029-01-19,Blocked,2026-05-20 21:18:03.971924
CRD0126,C082,Student,Virtual Card,6000.0,2021-01-18,2030-07-26,Expired,2026-05-20 21:18:03.971924
CRD0127,C083,Platinum,Virtual Card,75000.0,2021-08-19,2030-07-04,Active,2026-05-20 21:18:03.971924
CRD0128,C083,Silver,Credit Card,17000.0,2021-04-10,2031-01-23,Active,2026-05-20 21:18:03.980019
CRD0129,C083,Silver,Cheque Card,14000.0,2020-03-12,2027-01-20,Active,2026-05-20 21:18:03.980019
CRD0130,C084,Silver,Virtual Card,10000.0,2025-01-26,2026-08-14,Blocked,2026-05-20 21:18:03.980019
CRD0131,C084,Silver,Cheque Card,25000.0,2025-06-11,2031-04-03,Blocked,2026-05-20 21:18:03.980019
CRD0132,C085,Business,Virtual Card,171000.0,2023-06-18,2027-08-17,Expired,2026-05-20 21:18:03.980019
CRD0133,C086,Silver,Cheque Card,25000.0,2025-01-23,2026-07-25,Expired,2026-05-20 21:18:03.980019
CRD0134,C087,Silver,Credit Card,24000.0,2020-05-08,2030-04-19,Expired,2026-05-20 21:18:03.980019
CRD0135,C088,Silver,Credit Card,16000.0,2023-04-04,2029-08-21,Active,2026-05-20 21:18:03.980019
CRD0136,C089,Gold,Cheque Card,36000.0,2025-02-24,2027-11-09,Active,2026-05-20 21:18:03.980019
CRD0137,C090,Student,Cheque Card,7000.0,2021-01-23,2029-03-06,Blocked,2026-05-20 21:18:03.980019
CRD0138,C091,Gold,Cheque Card,48000.0,2023-06-29,2027-12-13,Blocked,2026-05-20 21:18:03.980019
CRD0139,C092,Platinum,Virtual Card,137000.0,2021-07-25,2030-12-12,Active,2026-05-20 21:18:03.980019
CRD0140,C093,Silver,Virtual Card,23000.0,2023-04-10,2027-06-25,Active,2026-05-20 21:18:03.980019
CRD0141,C093,Silver,Virtual Card,14000.0,2024-04-21,2030-11-25,Active,2026-05-20 21:18:03.980019
CRD0142,C094,Gold,Virtual Card,58000.0,2024-12-27,2030-06-03,Blocked,2026-05-20 21:18:03.980019
CRD0143,C095,Platinum,Virtual Card,122000.0,2019-07-15,2028-08-12,Active,2026-05-20 21:18:03.980019
CRD0144,C095,Gold,Credit Card,38000.0,2021-11-07,2029-01-19,Expired,2026-05-20 21:18:03.980019
CRD0145,C096,Silver,Cheque Card,21000.0,2023-01-15,2029-07-10,Expired,2026-05-20 21:18:03.980019
CRD0146,C097,Gold,Credit Card,51000.0,2020-05-11,2028-05-08,Expired,2026-05-20 21:18:03.980019
CRD0147,C097,Business,Credit Card,247000.0,2025-06-16,2030-01-09,Expired,2026-05-20 21:18:03.980019
CRD0148,C097,Gold,Cheque Card,47000.0,2022-08-24,2030-02-26,Expired,2026-05-20 21:18:03.980019
CRD0149,C098,Gold,Credit Card,49000.0,2025-11-18,2027-12-27,Blocked,2026-05-20 21:18:03.980019
CRD0150,C099,Gold,Credit Card,65000.0,2022-10-13,2028-09-29,Expired,2026-05-20 21:18:03.980019
CRD0151,C099,Silver,Cheque Card,12000.0,2019-11-21,2027-04-16,Blocked,2026-05-20 21:18:03.980019
CRD0152,C100,Platinum,Cheque Card,140000.0,2021-12-31,2029-10-10,Expired,2026-05-20 21:18:03.980019
CRD0153,C101,Silver,Cheque Card,28000.0,2024-11-03,2028-11-27,Blocked,2026-05-20 21:18:03.980019
CRD0154,C102,Student,Credit Card,5000.0,2021-10-27,2030-07-21,Expired,2026-05-20 21:18:03.980019
CRD0155,C103,Gold,Cheque Card,31000.0,2020-01-27,2026-09-27,Blocked,2026-05-20 21:18:03.980019
CRD0156,C103,Silver,Credit Card,22000.0,2024-11-16,2030-09-02,Active,2026-05-20 21:18:03.980019
CRD0157,C104,Gold,Credit Card,66000.0,2023-05-16,2028-02-12,Active,2026-05-20 21:18:03.982027
CRD0158,C105,Platinum,Virtual Card,66000.0,2020-06-21,2029-05-02,Active,2026-05-20 21:18:03.982027
CRD0159,C106,Gold,Cheque Card,55000.0,2024-03-28,2031-04-07,Expired,2026-05-20 21:18:03.982027
CRD0160,C107,Gold,Credit Card,69000.0,2025-01-17,2027-05-17,Expired,2026-05-20 21:18:03.982027
CRD0161,C107,Gold,Virtual Card,72000.0,2025-04-29,2028-10-26,Expired,2026-05-20 21:18:03.982027
CRD0162,C107,Gold,Virtual Card,44000.0,2022-11-23,2029-01-30,Expired,2026-05-20 21:18:03.982027
CRD0163,C108,Platinum,Cheque Card,96000.0,2023-08-16,2027-11-03,Active,2026-05-20 21:18:03.982027
CRD0164,C109,Platinum,Credit Card,94000.0,2022-03-20,2029-01-04,Expired,2026-05-20 21:18:03.982027
CRD0165,C110,Silver,Cheque Card,19000.0,2019-02-07,2030-09-04,Blocked,2026-05-20 21:18:03.982027
CRD0166,C111,Gold,Credit Card,60000.0,2023-03-11,2027-06-10,Blocked,2026-05-20 21:18:03.982027
CRD0167,C111,Silver,Cheque Card,22000.0,2021-10-20,2027-04-19,Expired,2026-05-20 21:18:03.982027
CRD0168,C112,Student,Cheque Card,5000.0,2021-12-13,2026-10-29,Blocked,2026-05-20 21:18:03.982027
CRD0169,C112,Student,Virtual Card,6000.0,2022-03-12,2030-01-07,Expired,2026-05-20 21:18:03.982027
CRD0170,C113,Student,Credit Card,3000.0,2021-01-17,2027-02-23,Blocked,2026-05-20 21:18:03.982027
CRD0171,C114,Silver,Cheque Card,18000.0,2024-07-08,2027-06-08,Blocked,2026-05-20 21:18:03.982027
CRD0172,C115,Platinum,Virtual Card,52000.0,2021-01-31,2026-12-15,Blocked,2026-05-20 21:18:03.982027
CRD0173,C116,Gold,Virtual Card,25000.0,2021-08-11,2026-11-20,Active,2026-05-20 21:18:03.982027
CRD0174,C117,Platinum,Cheque Card,89000.0,2024-08-03,2028-06-18,Blocked,2026-05-20 21:18:03.982027
CRD0175,C118,Platinum,Credit Card,146000.0,2020-08-21,2026-09-11,Blocked,2026-05-20 21:18:03.982027
CRD0176,C118,Silver,Credit Card,27000.0,2024-04-09,2027-05-26,Active,2026-05-20 21:18:03.982027
CRD0177,C119,Silver,Cheque Card,10000.0,2020-05-14,2030-09-09,Expired,2026-05-20 21:18:03.982027
CRD0178,C119,Gold,Cheque Card,40000.0,2019-05-18,2027-07-01,Blocked,2026-05-20 21:18:03.982027
CRD0179,C120,Platinum,Virtual Card,76000.0,2024-04-20,2028-07-24,Expired,2026-05-20 21:18:03.982027
CRD0180,C120,Business,Cheque Card,140000.0,2019-06-22,2030-07-23,Expired,2026-05-20 21:18:03.982027
CRD0181,C121,Platinum,Virtual Card,88000.0,2021-03-24,2028-05-27,Active,2026-05-20 21:18:03.982027
CRD0182,C122,Platinum,Credit Card,80000.0,2023-11-14,2028-03-14,Active,2026-05-20 21:18:03.982027
CRD0183,C122,Platinum,Cheque Card,124000.0,2020-05-05,2028-08-07,Active,2026-05-20 21:18:03.982027
CRD0184,C123,Platinum,Virtual Card,110000.0,2025-09-08,2027-04-02,Blocked,2026-05-20 21:18:03.982027
CRD0185,C124,Gold,Cheque Card,30000.0,2022-10-18,2030-08-22,Expired,2026-05-20 21:18:03.982027
CRD0186,C124,Gold,Cheque Card,66000.0,2020-09-22,2030-04-25,Expired,2026-05-20 21:18:03.982027
CRD0187,C125,Platinum,Credit Card,90000.0,2025-04-06,2030-10-20,Expired,2026-05-20 21:18:03.982027
CRD0188,C125,Silver,Cheque Card,16000.0,2019-03-29,2030-03-31,Blocked,2026-05-20 21:18:03.982027
CRD0189,C126,Platinum,Credit Card,112000.0,2023-11-28,2029-07-07,Blocked,2026-05-20 21:18:03.982027
CRD0190,C127,Gold,Virtual Card,36000.0,2025-02-04,2028-05-01,Blocked,2026-05-20 21:18:03.982027
CRD0191,C128,Silver,Virtual Card,27000.0,2020-10-18,2026-10-08,Expired,2026-05-20 21:18:03.982027
CRD0192,C128,Gold,Cheque Card,41000.0,2025-01-27,2028-06-09,Blocked,2026-05-20 21:18:03.982027
CRD0193,C129,Gold,Cheque Card,71000.0,2021-01-29,2031-05-02,Active,2026-05-20 21:18:03.982027
CRD0194,C130,Gold,Virtual Card,40000.0,2022-08-06,2030-06-04,Active,2026-05-20 21:18:03.982027
CRD0195,C130,Gold,Virtual Card,49000.0,2021-02-16,2029-04-27,Expired,2026-05-20 21:18:03.982027
CRD0196,C131,Gold,Virtual Card,43000.0,2022-08-14,2028-09-05,Expired,2026-05-20 21:18:03.982027
CRD0197,C132,Platinum,Virtual Card,58000.0,2019-06-29,2031-01-24,Active,2026-05-20 21:18:03.982027
CRD0198,C133,Platinum,Credit Card,112000.0,2021-02-23,2026-12-08,Active,2026-05-20 21:18:03.982027
CRD0199,C134,Silver,Virtual Card,25000.0,2024-11-23,2029-11-17,Expired,2026-05-20 21:18:03.982027
CRD0200,C134,Gold,Credit Card,48000.0,2021-06-23,2029-10-11,Expired,2026-05-20 21:18:03.982027
CRD0201,C135,Business,Credit Card,267000.0,2024-07-05,2031-05-16,Active,2026-05-20 21:18:03.982027
CRD0202,C136,Gold,Cheque Card,60000.0,2023-08-31,2030-12-28,Blocked,2026-05-20 21:18:03.982027
CRD0203,C137,Platinum,Virtual Card,84000.0,2024-12-06,2026-08-11,Expired,2026-05-20 21:18:03.982027
CRD0204,C137,Platinum,Cheque Card,59000.0,2021-06-03,2029-04-17,Active,2026-05-20 21:18:03.982027
CRD0205,C138,Platinum,Cheque Card,74000.0,2021-03-02,2029-05-01,Expired,2026-05-20 21:18:03.982027
CRD0206,C139,Silver,Credit Card,27000.0,2025-04-05,2028-09-16,Expired,2026-05-20 21:18:03.982027
CRD0207,C140,Gold,Cheque Card,68000.0,2024-02-22,2030-04-27,Expired,2026-05-20 21:18:03.982027
CRD0208,C141,Platinum,Credit Card,120000.0,2023-07-03,2029-03-18,Blocked,2026-05-20 21:18:03.982027
CRD0209,C142,Gold,Virtual Card,53000.0,2022-12-14,2028-02-24,Expired,2026-05-20 21:18:03.982027
CRD0210,C142,Student,Cheque Card,7000.0,2023-08-16,2030-09-01,Expired,2026-05-20 21:18:03.982027
CRD0211,C143,Silver,Virtual Card,17000.0,2025-04-25,2029-06-10,Active,2026-05-20 21:18:03.982027
CRD0212,C144,Gold,Virtual Card,41000.0,2023-01-14,2028-12-01,Blocked,2026-05-20 21:18:03.982027
CRD0213,C145,Platinum,Credit Card,86000.0,2025-09-06,2026-06-22,Expired,2026-05-20 21:18:03.982027
CRD0214,C145,Platinum,Cheque Card,50000.0,2022-05-15,2027-08-17,Active,2026-05-20 21:18:03.982027
CRD0215,C145,Silver,Credit Card,18000.0,2025-03-17,2029-04-01,Expired,2026-05-20 21:18:03.982027
CRD0216,C146,Gold,Credit Card,27000.0,2024-02-29,2028-05-17,Active,2026-05-20 21:18:03.982027
CRD0217,C146,Platinum,Cheque Card,124000.0,2021-10-20,2027-09-09,Blocked,2026-05-20 21:18:03.982027
CRD0218,C147,Platinum,Cheque Card,122000.0,2021-06-09,2030-07-01,Active,2026-05-20 21:18:03.982027
CRD0219,C147,Silver,Cheque Card,15000.0,2024-06-22,2031-01-05,Expired,2026-05-20 21:18:03.982027
CRD0220,C148,Silver,Credit Card,29000.0,2022-05-15,2026-08-04,Expired,2026-05-20 21:18:03.982027
CRD0221,C148,Silver,Cheque Card,12000.0,2019-08-18,2030-09-14,Blocked,2026-05-20 21:18:03.982027
CRD0222,C149,Silver,Cheque Card,13000.0,2021-07-17,2030-07-29,Expired,2026-05-20 21:18:03.982027
CRD0223,C150,Silver,Virtual Card,30000.0,2023-04-16,2026-09-07,Blocked,2026-05-20 21:18:03.982027
CRD0224,C150,Gold,Cheque Card,59000.0,2025-05-02,2027-03-22,Blocked,2026-05-20 21:18:03.982027
CRD0225,C151,Platinum,Credit Card,136000.0,2023-05-29,2028-11-17,Expired,2026-05-20 21:18:03.982027
CRD0226,C152,Platinum,Cheque Card,87000.0,2023-06-04,2027-03-19,Active,2026-05-20 21:18:03.982027
CRD0227,C152,Platinum,Cheque Card,123000.0,2019-07-21,2029-06-15,Blocked,2026-05-20 21:18:03.982027
CRD0228,C153,Silver,Cheque Card,14000.0,2020-07-06,2029-01-28,Expired,2026-05-20 21:18:03.982027
CRD0229,C154,Gold,Virtual Card,37000.0,2025-04-17,2029-11-01,Expired,2026-05-20 21:18:03.982027
CRD0230,C155,Gold,Cheque Card,74000.0,2023-10-28,2028-03-12,Expired,2026-05-20 21:18:03.982027
CRD0231,C156,Platinum,Virtual Card,102000.0,2023-10-01,2028-06-06,Blocked,2026-05-20 21:18:03.982027
CRD0232,C156,Platinum,Cheque Card,126000.0,2019-04-10,2030-09-12,Blocked,2026-05-20 21:18:03.982027
CRD0233,C156,Platinum,Cheque Card,128000.0,2023-12-17,2029-11-16,Active,2026-05-20 21:18:03.982027
CRD0234,C157,Student,Credit Card,5000.0,2023-03-12,2027-04-04,Expired,2026-05-20 21:18:03.982027
CRD0235,C158,Platinum,Credit Card,81000.0,2020-08-27,2031-04-03,Blocked,2026-05-20 21:18:03.982027
CRD0236,C158,Platinum,Virtual Card,64000.0,2022-06-03,2028-11-26,Blocked,2026-05-20 21:18:03.982027
CRD0237,C159,Gold,Virtual Card,38000.0,2021-04-14,2029-06-12,Expired,2026-05-20 21:18:03.982027
CRD0238,C160,Gold,Virtual Card,71000.0,2020-08-01,2030-04-12,Expired,2026-05-20 21:18:03.982027
CRD0239,C160,Gold,Cheque Card,62000.0,2024-11-27,2026-08-17,Blocked,2026-05-20 21:18:03.982027
CRD0240,C161,Gold,Virtual Card,64000.0,2022-01-16,2026-09-05,Blocked,2026-05-20 21:18:03.982027
CRD0241,C162,Platinum,Cheque Card,134000.0,2022-01-16,2030-02-05,Expired,2026-05-20 21:18:03.982027
CRD0242,C162,Gold,Credit Card,26000.0,2022-04-13,2031-03-31,Expired,2026-05-20 21:18:03.982027
CRD0243,C163,Business,Virtual Card,281000.0,2020-02-12,2028-02-25,Blocked,2026-05-20 21:18:03.982027
CRD0244,C164,Gold,Credit Card,37000.0,2024-08-12,2028-12-12,Expired,2026-05-20 21:18:03.982027
CRD0245,C164,Silver,Credit Card,11000.0,2021-10-10,2029-05-08,Blocked,2026-05-20 21:18:03.982027
CRD0246,C165,Gold,Credit Card,26000.0,2022-11-21,2030-03-21,Blocked,2026-05-20 21:18:03.982027
CRD0247,C166,Platinum,Virtual Card,85000.0,2019-09-11,2029-11-21,Blocked,2026-05-20 21:18:03.982027
CRD0248,C167,Student,Credit Card,10000.0,2022-02-21,2027-08-24,Active,2026-05-20 21:18:03.982027
CRD0249,C167,Silver,Cheque Card,14000.0,2019-12-26,2030-06-22,Blocked,2026-05-20 21:18:03.982027
CRD0250,C168,Gold,Virtual Card,68000.0,2021-07-20,2028-09-20,Active,2026-05-20 21:18:03.982027
CRD0251,C169,Silver,Cheque Card,29000.0,2022-09-10,2028-11-24,Expired,2026-05-20 21:18:03.982027
CRD0252,C169,Gold,Virtual Card,33000.0,2025-07-07,2029-06-01,Expired,2026-05-20 21:18:03.982027
CRD0253,C170,Silver,Cheque Card,26000.0,2020-07-07,2028-10-16,Active,2026-05-20 21:18:03.982027
CRD0254,C170,Silver,Virtual Card,15000.0,2022-07-24,2026-10-05,Expired,2026-05-20 21:18:03.982027
CRD0255,C171,Silver,Credit Card,20000.0,2020-08-19,2030-06-17,Active,2026-05-20 21:18:03.982027
CRD0256,C172,Silver,Cheque Card,23000.0,2022-05-27,2028-11-12,Expired,2026-05-20 21:18:03.982027
CRD0257,C172,Business,Virtual Card,289000.0,2022-01-26,2027-03-27,Active,2026-05-20 21:18:03.982027
CRD0258,C173,Platinum,Virtual Card,128000.0,2021-12-29,2029-10-11,Expired,2026-05-20 21:18:03.982027
CRD0259,C174,Silver,Credit Card,10000.0,2023-01-11,2026-10-29,Expired,2026-05-20 21:18:03.982027
CRD0260,C174,Business,Credit Card,228000.0,2025-10-12,2029-01-04,Expired,2026-05-20 21:18:03.982027
CRD0261,C175,Platinum,Cheque Card,112000.0,2024-04-24,2027-02-25,Active,2026-05-20 21:18:03.982027
CRD0262,C175,Platinum,Credit Card,102000.0,2019-03-03,2027-11-23,Blocked,2026-05-20 21:18:03.982027
CRD0263,C176,Silver,Credit Card,16000.0,2019-09-28,2027-05-17,Blocked,2026-05-20 21:18:03.982027
CRD0264,C177,Gold,Cheque Card,54000.0,2021-10-07,2028-10-11,Blocked,2026-05-20 21:18:03.982027
CRD0265,C177,Silver,Virtual Card,22000.0,2022-07-05,2028-08-04,Expired,2026-05-20 21:18:03.982027
CRD0266,C178,Gold,Virtual Card,58000.0,2019-06-07,2029-04-20,Active,2026-05-20 21:18:03.982027
CRD0267,C178,Gold,Credit Card,40000.0,2024-10-25,2029-05-25,Blocked,2026-05-20 21:18:03.982027
CRD0268,C178,Business,Credit Card,242000.0,2023-05-06,2029-04-11,Expired,2026-05-20 21:18:03.982027
CRD0269,C179,Platinum,Cheque Card,100000.0,2022-06-01,2030-09-20,Blocked,2026-05-20 21:18:03.982027
CRD0270,C179,Gold,Cheque Card,43000.0,2025-11-16,2026-09-08,Expired,2026-05-20 21:18:03.982027
CRD0271,C179,Gold,Credit Card,54000.0,2024-01-25,2026-11-21,Expired,2026-05-20 21:18:03.982027
CRD0272,C180,Platinum,Virtual Card,139000.0,2025-02-16,2027-02-21,Blocked,2026-05-20 21:18:03.982027
CRD0273,C181,Silver,Credit Card,24000.0,2025-08-14,2030-05-18,Active,2026-05-20 21:18:03.982027
CRD0274,C182,Gold,Cheque Card,69000.0,2020-11-02,2030-05-30,Expired,2026-05-20 21:18:03.982027
CRD0275,C182,Gold,Credit Card,70000.0,2024-01-15,2029-12-08,Blocked,2026-05-20 21:18:03.982027
CRD0276,C183,Gold,Virtual Card,75000.0,2024-09-26,2029-10-24,Active,2026-05-20 21:18:03.982027
CRD0277,C184,Platinum,Credit Card,92000.0,2025-05-05,2031-04-08,Expired,2026-05-20 21:18:03.982027
CRD0278,C185,Platinum,Credit Card,72000.0,2019-07-30,2028-09-25,Blocked,2026-05-20 21:18:03.982027
CRD0279,C185,Platinum,Cheque Card,86000.0,2021-01-10,2027-01-15,Active,2026-05-20 21:18:03.982027
CRD0280,C186,Platinum,Cheque Card,51000.0,2024-02-22,2029-03-04,Blocked,2026-05-20 21:18:03.982027
CRD0281,C186,Gold,Credit Card,63000.0,2024-07-14,2027-09-19,Active,2026-05-20 21:18:03.982027
CRD0282,C186,Gold,Cheque Card,54000.0,2023-08-07,2028-11-09,Active,2026-05-20 21:18:03.982027
CRD0283,C187,Platinum,Virtual Card,85000.0,2025-04-02,2030-12-24,Active,2026-05-20 21:18:03.982027
CRD0284,C187,Gold,Credit Card,28000.0,2022-11-30,2026-08-03,Active,2026-05-20 21:18:03.982027
CRD0285,C188,Silver,Virtual Card,19000.0,2022-09-18,2026-11-15,Active,2026-05-20 21:18:03.982027
CRD0286,C188,Platinum,Credit Card,70000.0,2022-03-10,2029-10-22,Expired,2026-05-20 21:18:03.982027
CRD0287,C189,Gold,Virtual Card,36000.0,2024-02-09,2030-08-01,Expired,2026-05-20 21:18:03.982027
CRD0288,C189,Gold,Credit Card,30000.0,2022-05-10,2028-03-11,Blocked,2026-05-20 21:18:03.982027
CRD0289,C190,Gold,Cheque Card,60000.0,2019-09-23,2028-01-09,Blocked,2026-05-20 21:18:03.982027
CRD0290,C190,Platinum,Virtual Card,85000.0,2022-09-10,2029-05-03,Blocked,2026-05-20 21:18:03.982027
CRD0291,C191,Silver,Virtual Card,11000.0,2020-03-23,2029-08-02,Expired,2026-05-20 21:18:03.982027
CRD0292,C192,Gold,Credit Card,55000.0,2025-10-13,2030-10-20,Expired,2026-05-20 21:18:03.982027
CRD0293,C192,Gold,Virtual Card,45000.0,2021-11-29,2029-04-30,Expired,2026-05-20 21:18:03.982027
CRD0294,C192,Student,Cheque Card,4000.0,2025-11-21,2029-07-15,Blocked,2026-05-20 21:18:03.982027
CRD0295,C193,Gold,Cheque Card,36000.0,2025-11-01,2027-09-08,Expired,2026-05-20 21:18:03.982027
CRD0296,C194,Silver,Credit Card,10000.0,2024-03-19,2029-11-20,Active,2026-05-20 21:18:03.982027
CRD0297,C195,Platinum,Virtual Card,103000.0,2023-08-23,2026-08-21,Blocked,2026-05-20 21:18:03.982027
CRD0298,C195,Platinum,Virtual Card,77000.0,2019-02-16,2029-12-21,Active,2026-05-20 21:18:03.982027
CRD0299,C196,Platinum,Credit Card,89000.0,2022-05-14,2029-03-22,Expired,2026-05-20 21:18:03.982027
CRD0300,C196,Platinum,Credit Card,64000.0,2022-09-27,2028-04-18,Blocked,2026-05-20 21:18:03.982027
CRD0301,C197,Gold,Credit Card,36000.0,2021-03-05,2028-03-26,Blocked,2026-05-20 21:18:03.982027
CRD0302,C197,Silver,Cheque Card,25000.0,2019-05-26,2030-01-01,Active,2026-05-20 21:18:03.982027
CRD0303,C198,Student,Virtual Card,7000.0,2024-03-09,2030-10-11,Blocked,2026-05-20 21:18:03.982027
CRD0304,C199,Gold,Virtual Card,44000.0,2025-05-03,2030-06-12,Expired,2026-05-20 21:18:03.982027
CRD0305,C199,Silver,Virtual Card,10000.0,2021-05-03,2029-08-14,Expired,2026-05-20 21:18:03.982027
CRD0306,C199,Silver,Cheque Card,12000.0,2020-09-03,2027-12-15,Active,2026-05-20 21:18:03.982027
CRD0307,C200,Platinum,Virtual Card,71000.0,2025-05-27,2029-10-11,Blocked,2026-05-20 21:18:03.982027
CRD0308,C201,Platinum,Cheque Card,140000.0,2022-07-12,2030-05-12,Active,2026-05-20 21:18:03.982027
CRD0309,C202,Silver,Credit Card,21000.0,2024-01-26,2031-01-12,Blocked,2026-05-20 21:18:03.982027
CRD0310,C203,Gold,Credit Card,48000.0,2019-06-03,2030-09-28,Active,2026-05-20 21:18:03.982027
CRD0311,C204,Silver,Credit Card,25000.0,2024-08-10,2027-03-31,Active,2026-05-20 21:18:03.982027
CRD0312,C204,Silver,Cheque Card,26000.0,2022-06-25,2030-09-24,Blocked,2026-05-20 21:18:03.982027
CRD0313,C204,Gold,Credit Card,58000.0,2020-06-27,2027-07-14,Expired,2026-05-20 21:18:03.982027
CRD0314,C205,Gold,Virtual Card,32000.0,2019-01-17,2028-02-15,Active,2026-05-20 21:18:03.982027
CRD0315,C206,Gold,Credit Card,46000.0,2024-03-27,2031-05-15,Active,2026-05-20 21:18:03.982027
CRD0316,C206,Platinum,Virtual Card,145000.0,2022-07-03,2026-07-05,Expired,2026-05-20 21:18:03.982027
CRD0317,C207,Gold,Credit Card,45000.0,2021-04-01,2027-06-18,Blocked,2026-05-20 21:18:03.982027
CRD0318,C207,Platinum,Cheque Card,148000.0,2023-12-12,2030-02-22,Active,2026-05-20 21:18:03.982027
CRD0319,C208,Platinum,Credit Card,51000.0,2025-04-11,2029-04-06,Active,2026-05-20 21:18:03.982027
CRD0320,C209,Student,Cheque Card,6000.0,2020-08-02,2030-05-01,Blocked,2026-05-20 21:18:03.982027
CRD0321,C210,Platinum,Cheque Card,128000.0,2022-10-19,2029-05-31,Blocked,2026-05-20 21:18:03.982027
CRD0322,C210,Platinum,Credit Card,110000.0,2019-07-26,2026-12-22,Blocked,2026-05-20 21:18:03.982027
CRD0323,C211,Platinum,Credit Card,140000.0,2025-09-07,2031-05-19,Expired,2026-05-20 21:18:03.982027
CRD0324,C212,Gold,Cheque Card,64000.0,2022-12-27,2028-02-18,Blocked,2026-05-20 21:18:03.982027
CRD0325,C212,Gold,Virtual Card,73000.0,2024-12-25,2026-10-27,Blocked,2026-05-20 21:18:03.982027
CRD0326,C213,Platinum,Virtual Card,109000.0,2020-02-03,2028-12-08,Blocked,2026-05-20 21:18:03.982027
CRD0327,C213,Gold,Virtual Card,74000.0,2024-03-21,2029-01-07,Active,2026-05-20 21:18:03.982027
CRD0328,C214,Silver,Virtual Card,18000.0,2023-01-28,2028-07-30,Active,2026-05-20 21:18:03.982027
CRD0329,C214,Student,Virtual Card,7000.0,2022-08-23,2028-12-03,Blocked,2026-05-20 21:18:03.982027
CRD0330,C214,Gold,Cheque Card,32000.0,2022-12-10,2029-01-24,Blocked,2026-05-20 21:18:03.982027
CRD0331,C215,Platinum,Cheque Card,127000.0,2025-06-11,2027-02-04,Expired,2026-05-20 21:18:03.982027
CRD0332,C215,Platinum,Virtual Card,63000.0,2022-08-27,2029-07-01,Expired,2026-05-20 21:18:03.982027
CRD0333,C216,Gold,Cheque Card,50000.0,2025-08-15,2028-09-12,Active,2026-05-20 21:18:03.982027
CRD0334,C217,Gold,Cheque Card,49000.0,2019-09-28,2028-04-16,Active,2026-05-20 21:18:03.982027
CRD0335,C217,Gold,Virtual Card,52000.0,2023-11-19,2029-07-24,Blocked,2026-05-20 21:18:03.982027
CRD0336,C218,Platinum,Virtual Card,135000.0,2019-11-16,2030-07-12,Expired,2026-05-20 21:18:03.982027
CRD0337,C219,Gold,Virtual Card,63000.0,2024-03-11,2028-03-16,Expired,2026-05-20 21:18:03.982027
CRD0338,C219,Platinum,Cheque Card,72000.0,2022-06-15,2028-08-28,Active,2026-05-20 21:18:03.982027
CRD0339,C220,Gold,Virtual Card,74000.0,2023-04-02,2028-03-20,Blocked,2026-05-20 21:18:03.982027
CRD0340,C220,Gold,Credit Card,30000.0,2021-06-10,2030-12-18,Active,2026-05-20 21:18:03.982027
CRD0341,C221,Student,Virtual Card,2000.0,2020-08-23,2030-02-01,Active,2026-05-20 21:18:03.982027
CRD0342,C221,Silver,Cheque Card,22000.0,2025-06-25,2028-11-20,Active,2026-05-20 21:18:03.982027
CRD0343,C222,Silver,Cheque Card,28000.0,2022-06-01,2028-10-26,Expired,2026-05-20 21:18:03.982027
CRD0344,C223,Platinum,Credit Card,124000.0,2019-02-03,2029-10-23,Expired,2026-05-20 21:18:03.982027
CRD0345,C223,Platinum,Credit Card,87000.0,2019-09-13,2028-06-14,Expired,2026-05-20 21:18:03.982027
CRD0346,C223,Business,Credit Card,280000.0,2025-04-12,2030-12-25,Blocked,2026-05-20 21:18:03.982027
CRD0347,C224,Platinum,Credit Card,80000.0,2023-11-04,2030-04-27,Expired,2026-05-20 21:18:03.982027
CRD0348,C225,Platinum,Cheque Card,101000.0,2023-04-12,2028-10-27,Expired,2026-05-20 21:18:03.982027
CRD0349,C226,Platinum,Credit Card,74000.0,2025-03-25,2028-07-15,Blocked,2026-05-20 21:18:03.982027
CRD0350,C227,Platinum,Virtual Card,66000.0,2020-07-04,2026-06-12,Active,2026-05-20 21:18:03.982027
CRD0351,C227,Gold,Credit Card,71000.0,2024-06-16,2030-01-26,Blocked,2026-05-20 21:18:03.982027
CRD0352,C228,Platinum,Credit Card,132000.0,2023-08-31,2031-03-16,Blocked,2026-05-20 21:18:03.982027
CRD0353,C228,Silver,Virtual Card,29000.0,2023-10-10,2029-11-16,Active,2026-05-20 21:18:03.982027
CRD0354,C228,Gold,Cheque Card,60000.0,2024-01-18,2028-07-15,Blocked,2026-05-20 21:18:03.982027
CRD0355,C229,Platinum,Credit Card,123000.0,2024-08-02,2031-02-17,Expired,2026-05-20 21:18:03.982027
CRD0356,C230,Gold,Cheque Card,59000.0,2025-06-18,2028-06-09,Active,2026-05-20 21:18:03.982027
CRD0357,C231,Gold,Virtual Card,48000.0,2020-04-08,2029-08-20,Blocked,2026-05-20 21:18:03.982027
CRD0358,C231,Business,Credit Card,136000.0,2024-11-26,2031-03-14,Blocked,2026-05-20 21:18:03.982027
CRD0359,C231,Gold,Credit Card,58000.0,2025-11-03,2026-11-17,Active,2026-05-20 21:18:03.982027
CRD0360,C232,Gold,Virtual Card,29000.0,2025-01-17,2030-11-09,Expired,2026-05-20 21:18:03.982027
CRD0361,C233,Platinum,Cheque Card,118000.0,2019-02-14,2029-01-04,Blocked,2026-05-20 21:18:03.982027
CRD0362,C234,Gold,Virtual Card,46000.0,2023-09-21,2028-05-11,Blocked,2026-05-20 21:18:03.982027
CRD0363,C235,Gold,Virtual Card,72000.0,2022-05-30,2030-06-16,Expired,2026-05-20 21:18:03.982027
CRD0364,C236,Gold,Virtual Card,35000.0,2025-06-04,2026-09-02,Expired,2026-05-20 21:18:03.982027
CRD0365,C237,Gold,Virtual Card,26000.0,2022-03-20,2029-02-05,Active,2026-05-20 21:18:03.982027
CRD0366,C237,Platinum,Credit Card,150000.0,2022-02-12,2027-10-18,Active,2026-05-20 21:18:03.982027
CRD0367,C237,Gold,Cheque Card,41000.0,2019-02-28,2030-07-16,Active,2026-05-20 21:18:03.982027
CRD0368,C238,Silver,Virtual Card,14000.0,2024-01-04,2028-06-15,Active,2026-05-20 21:18:03.982027
CRD0369,C238,Platinum,Virtual Card,80000.0,2024-06-09,2027-05-25,Expired,2026-05-20 21:18:03.982027
CRD0370,C239,Silver,Credit Card,14000.0,2025-09-05,2030-12-27,Active,2026-05-20 21:18:03.982027
CRD0371,C239,Student,Cheque Card,8000.0,2021-09-01,2030-02-01,Blocked,2026-05-20 21:18:03.982027
CRD0372,C240,Platinum,Virtual Card,143000.0,2022-11-14,2026-09-08,Expired,2026-05-20 21:18:03.982027
CRD0373,C240,Gold,Credit Card,28000.0,2020-11-17,2028-12-25,Blocked,2026-05-20 21:18:03.982027
CRD0374,C241,Gold,Virtual Card,39000.0,2023-04-05,2030-03-19,Expired,2026-05-20 21:18:03.982027
CRD0375,C242,Gold,Virtual Card,52000.0,2019-02-18,2028-01-01,Blocked,2026-05-20 21:18:03.982027
CRD0376,C243,Platinum,Virtual Card,137000.0,2019-06-18,2026-12-05,Expired,2026-05-20 21:18:03.982027
CRD0377,C244,Business,Cheque Card,256000.0,2022-01-21,2028-04-05,Blocked,2026-05-20 21:18:03.982027
CRD0378,C244,Platinum,Credit Card,82000.0,2025-07-20,2028-07-29,Blocked,2026-05-20 21:18:03.982027
CRD0379,C245,Silver,Virtual Card,28000.0,2021-03-09,2029-04-18,Blocked,2026-05-20 21:18:03.982027
CRD0380,C245,Silver,Credit Card,20000.0,2025-02-21,2026-06-10,Expired,2026-05-20 21:18:03.982027
CRD0381,C246,Platinum,Cheque Card,62000.0,2024-11-21,2026-12-18,Expired,2026-05-20 21:18:03.982027
CRD0382,C247,Platinum,Cheque Card,82000.0,2021-03-01,2026-07-28,Active,2026-05-20 21:18:03.982027
CRD0383,C248,Platinum,Virtual Card,134000.0,2021-06-07,2029-09-28,Expired,2026-05-20 21:18:03.982027
CRD0384,C248,Platinum,Credit Card,61000.0,2025-10-12,2027-02-10,Blocked,2026-05-20 21:18:03.982027
CRD0385,C249,Silver,Virtual Card,15000.0,2020-03-30,2030-04-13,Active,2026-05-20 21:18:03.982027
CRD0386,C249,Gold,Cheque Card,67000.0,2019-11-07,2029-12-18,Blocked,2026-05-20 21:18:03.982027
CRD0387,C250,Student,Cheque Card,7000.0,2021-11-20,2027-04-16,Active,2026-05-20 21:18:03.982027
CRD0388,C250,Student,Credit Card,8000.0,2023-05-11,2028-03-31,Active,2026-05-20 21:18:03.982027
CRD0389,C250,Student,Cheque Card,4000.0,2023-12-10,2026-10-09,Blocked,2026-05-20 21:18:03.982027
CRD0390,C251,Silver,Cheque Card,15000.0,2024-07-08,2026-12-28,Active,2026-05-20 21:18:03.982027
CRD0391,C251,Student,Cheque Card,5000.0,2025-11-19,2029-12-27,Active,2026-05-20 21:18:03.982027
CRD0392,C251,Student,Virtual Card,6000.0,2020-02-28,2026-07-30,Active,2026-05-20 21:18:03.982027
CRD0393,C252,Silver,Cheque Card,10000.0,2024-07-31,2027-03-20,Expired,2026-05-20 21:18:03.982027
CRD0394,C253,Student,Virtual Card,8000.0,2021-12-27,2027-03-26,Expired,2026-05-20 21:18:03.982027
CRD0395,C253,Student,Cheque Card,2000.0,2024-10-12,2030-05-08,Blocked,2026-05-20 21:18:03.982027
CRD0396,C254,Gold,Virtual Card,74000.0,2019-10-15,2029-05-30,Active,2026-05-20 21:18:03.982027
CRD0397,C255,Business,Cheque Card,131000.0,2025-05-12,2029-05-20,Blocked,2026-05-20 21:18:03.982027
CRD0398,C256,Platinum,Credit Card,130000.0,2020-01-07,2028-06-06,Expired,2026-05-20 21:18:03.982027
CRD0399,C257,Platinum,Cheque Card,147000.0,2022-04-02,2030-01-05,Active,2026-05-20 21:18:03.982027
CRD0400,C257,Platinum,Credit Card,99000.0,2021-02-21,2028-01-22,Expired,2026-05-20 21:18:03.982027
CRD0401,C258,Silver,Virtual Card,21000.0,2024-06-15,2026-11-09,Expired,2026-05-20 21:18:03.982027
CRD0402,C259,Gold,Credit Card,37000.0,2019-04-14,2030-06-02,Expired,2026-05-20 21:18:03.982027
CRD0403,C260,Gold,Virtual Card,66000.0,2022-06-14,2029-03-08,Expired,2026-05-20 21:18:03.982027
CRD0404,C261,Silver,Credit Card,11000.0,2022-10-21,2026-09-11,Blocked,2026-05-20 21:18:03.982027
CRD0405,C261,Silver,Credit Card,22000.0,2020-04-29,2027-07-27,Expired,2026-05-20 21:18:03.982027
CRD0406,C261,Silver,Cheque Card,27000.0,2020-09-02,2030-07-15,Expired,2026-05-20 21:18:03.982027
CRD0407,C262,Platinum,Virtual Card,68000.0,2024-06-25,2030-01-18,Active,2026-05-20 21:18:03.982027
CRD0408,C263,Silver,Credit Card,17000.0,2020-06-18,2026-06-18,Active,2026-05-20 21:18:03.982027
CRD0409,C264,Silver,Credit Card,24000.0,2025-11-08,2027-05-04,Expired,2026-05-20 21:18:03.982027
CRD0410,C264,Platinum,Credit Card,64000.0,2024-07-29,2029-09-19,Expired,2026-05-20 21:18:03.982027
CRD0411,C265,Student,Cheque Card,7000.0,2023-07-05,2028-03-14,Active,2026-05-20 21:18:03.982027
CRD0412,C266,Gold,Credit Card,45000.0,2021-05-23,2030-09-01,Active,2026-05-20 21:18:03.982027
CRD0413,C266,Gold,Cheque Card,29000.0,2020-05-09,2027-12-01,Active,2026-05-20 21:18:03.982027
CRD0414,C266,Gold,Credit Card,69000.0,2023-02-24,2029-06-26,Active,2026-05-20 21:18:03.982027
CRD0415,C267,Silver,Credit Card,14000.0,2020-02-14,2030-10-26,Expired,2026-05-20 21:18:03.982027
CRD0416,C268,Gold,Credit Card,56000.0,2019-11-27,2026-06-02,Active,2026-05-20 21:18:03.982027
CRD0417,C268,Platinum,Credit Card,140000.0,2025-08-28,2031-05-10,Blocked,2026-05-20 21:18:03.982027
CRD0418,C269,Gold,Cheque Card,69000.0,2020-06-03,2027-07-16,Active,2026-05-20 21:18:03.982027
CRD0419,C270,Silver,Cheque Card,17000.0,2020-12-15,2029-10-21,Expired,2026-05-20 21:18:03.982027
CRD0420,C270,Platinum,Credit Card,141000.0,2024-08-09,2029-10-24,Active,2026-05-20 21:18:03.982027
CRD0421,C271,Gold,Cheque Card,51000.0,2019-01-19,2029-07-05,Active,2026-05-20 21:18:03.982027
CRD0422,C271,Platinum,Virtual Card,62000.0,2023-01-22,2031-03-21,Expired,2026-05-20 21:18:03.982027
CRD0423,C272,Gold,Virtual Card,67000.0,2021-05-02,2027-12-07,Active,2026-05-20 21:18:03.982027
CRD0424,C273,Gold,Virtual Card,55000.0,2024-07-30,2027-05-16,Active,2026-05-20 21:18:03.982027
CRD0425,C274,Platinum,Virtual Card,96000.0,2022-03-13,2027-07-23,Blocked,2026-05-20 21:18:03.982027
CRD0426,C274,Platinum,Virtual Card,147000.0,2024-01-31,2026-08-16,Active,2026-05-20 21:18:03.982027
CRD0427,C275,Silver,Credit Card,15000.0,2019-04-30,2029-02-06,Expired,2026-05-20 21:18:03.982027
CRD0428,C275,Platinum,Credit Card,142000.0,2023-12-27,2029-09-14,Expired,2026-05-20 21:18:03.982027
CRD0429,C276,Platinum,Virtual Card,91000.0,2021-07-31,2030-10-01,Active,2026-05-20 21:18:03.982027
CRD0430,C277,Platinum,Virtual Card,102000.0,2021-03-30,2028-06-27,Active,2026-05-20 21:18:03.982027
CRD0431,C278,Gold,Credit Card,52000.0,2020-08-16,2027-08-05,Expired,2026-05-20 21:18:03.982027
CRD0432,C279,Silver,Credit Card,24000.0,2021-03-06,2029-12-04,Blocked,2026-05-20 21:18:03.982027
CRD0433,C280,Platinum,Credit Card,54000.0,2025-05-18,2026-09-19,Blocked,2026-05-20 21:18:03.982027
CRD0434,C280,Platinum,Cheque Card,108000.0,2023-09-10,2027-05-05,Blocked,2026-05-20 21:18:03.982027
CRD0435,C280,Platinum,Cheque Card,127000.0,2020-10-04,2030-10-22,Expired,2026-05-20 21:18:03.982027
CRD0436,C281,Student,Virtual Card,10000.0,2021-07-29,2026-11-13,Blocked,2026-05-20 21:18:03.982027
CRD0437,C281,Student,Cheque Card,5000.0,2025-08-20,2029-01-13,Blocked,2026-05-20 21:18:03.982027
CRD0438,C281,Silver,Virtual Card,23000.0,2021-10-07,2027-10-09,Blocked,2026-05-20 21:18:03.982027
CRD0439,C282,Gold,Virtual Card,34000.0,2025-06-07,2026-05-30,Blocked,2026-05-20 21:18:03.982027
CRD0440,C283,Platinum,Cheque Card,143000.0,2024-08-27,2026-07-27,Blocked,2026-05-20 21:18:03.982027
CRD0441,C283,Gold,Cheque Card,69000.0,2020-02-06,2028-12-01,Blocked,2026-05-20 21:18:03.982027
CRD0442,C283,Platinum,Virtual Card,146000.0,2019-02-20,2030-04-08,Expired,2026-05-20 21:18:03.982027
CRD0443,C284,Platinum,Cheque Card,87000.0,2021-09-06,2030-01-05,Active,2026-05-20 21:18:03.982027
CRD0444,C285,Silver,Credit Card,24000.0,2025-05-25,2030-07-28,Expired,2026-05-20 21:18:03.982027
CRD0445,C286,Gold,Credit Card,70000.0,2023-07-19,2027-06-02,Blocked,2026-05-20 21:18:03.982027
CRD0446,C287,Silver,Credit Card,30000.0,2019-10-17,2028-07-16,Expired,2026-05-20 21:18:03.982027
CRD0447,C287,Gold,Credit Card,43000.0,2023-10-11,2030-08-08,Blocked,2026-05-20 21:18:03.982027
CRD0448,C288,Silver,Virtual Card,16000.0,2019-11-28,2029-11-10,Blocked,2026-05-20 21:18:03.982027
CRD0449,C288,Silver,Credit Card,26000.0,2023-01-30,2031-05-12,Active,2026-05-20 21:18:03.982027
CRD0450,C289,Gold,Virtual Card,27000.0,2023-02-06,2028-06-08,Active,2026-05-20 21:18:03.982027
CRD0451,C290,Gold,Virtual Card,70000.0,2021-04-18,2027-02-27,Blocked,2026-05-20 21:18:03.982027
CRD0452,C290,Platinum,Credit Card,133000.0,2024-05-13,2030-07-08,Expired,2026-05-20 21:18:03.982027
CRD0453,C291,Gold,Virtual Card,73000.0,2021-07-12,2028-03-06,Blocked,2026-05-20 21:18:03.982027
CRD0454,C291,Silver,Virtual Card,23000.0,2022-02-09,2026-09-08,Active,2026-05-20 21:18:03.982027
CRD0455,C292,Gold,Virtual Card,58000.0,2020-05-17,2029-01-06,Expired,2026-05-20 21:18:03.982027
CRD0456,C293,Gold,Cheque Card,53000.0,2023-02-16,2030-11-13,Expired,2026-05-20 21:18:03.982027
CRD0457,C294,Gold,Credit Card,37000.0,2024-02-19,2026-11-14,Active,2026-05-20 21:18:03.982027
CRD0458,C294,Platinum,Credit Card,86000.0,2019-11-12,2026-12-29,Active,2026-05-20 21:18:03.982027
CRD0459,C294,Platinum,Virtual Card,68000.0,2024-07-25,2027-03-24,Active,2026-05-20 21:18:03.982027
CRD0460,C295,Silver,Cheque Card,23000.0,2025-01-26,2027-02-14,Blocked,2026-05-20 21:18:03.982027
CRD0461,C296,Gold,Virtual Card,26000.0,2022-04-09,2027-06-11,Active,2026-05-20 21:18:03.982027
CRD0462,C297,Silver,Virtual Card,30000.0,2022-10-07,2028-09-09,Expired,2026-05-20 21:18:03.982027
CRD0463,C298,Gold,Cheque Card,56000.0,2025-08-27,2030-02-11,Expired,2026-05-20 21:18:03.982027
CRD0464,C299,Gold,Cheque Card,44000.0,2025-05-12,2027-02-14,Blocked,2026-05-20 21:18:03.982027
CRD0465,C300,Platinum,Cheque Card,97000.0,2022-03-26,2030-09-12,Active,2026-05-20 21:18:03.982027
CRD0466,C301,Platinum,Credit Card,129000.0,2020-10-20,2030-05-16,Expired,2026-05-20 21:18:03.982027
CRD0467,C302,Business,Virtual Card,277000.0,2020-09-20,2027-04-15,Active,2026-05-20 21:18:03.982027
CRD0468,C303,Student,Virtual Card,4000.0,2023-12-11,2027-11-04,Blocked,2026-05-20 21:18:03.982027
CRD0469,C304,Gold,Credit Card,67000.0,2022-07-22,2028-04-23,Active,2026-05-20 21:18:03.982027
CRD0470,C305,Gold,Credit Card,59000.0,2022-05-20,2027-01-23,Active,2026-05-20 21:18:03.982027
CRD0471,C306,Gold,Credit Card,54000.0,2022-08-04,2027-04-04,Active,2026-05-20 21:18:03.982027
CRD0472,C307,Gold,Virtual Card,46000.0,2022-04-25,2029-01-14,Blocked,2026-05-20 21:18:03.982027
CRD0473,C307,Business,Virtual Card,270000.0,2020-08-25,2030-11-12,Expired,2026-05-20 21:18:03.982027
CRD0474,C307,Silver,Cheque Card,20000.0,2020-04-05,2030-06-26,Blocked,2026-05-20 21:18:03.982027
CRD0475,C308,Platinum,Virtual Card,64000.0,2022-06-15,2026-07-09,Blocked,2026-05-20 21:18:03.982027
CRD0476,C308,Gold,Credit Card,53000.0,2023-01-03,2026-11-25,Blocked,2026-05-20 21:18:03.982027
CRD0477,C308,Platinum,Virtual Card,74000.0,2025-07-17,2029-05-02,Active,2026-05-20 21:18:03.982027
CRD0478,C309,Gold,Credit Card,26000.0,2019-12-09,2029-05-26,Blocked,2026-05-20 21:18:03.982027
CRD0479,C309,Gold,Credit Card,57000.0,2023-06-04,2027-06-22,Blocked,2026-05-20 21:18:03.982027
CRD0480,C310,Silver,Credit Card,21000.0,2023-06-17,2027-03-18,Expired,2026-05-20 21:18:03.982027
CRD0481,C311,Student,Cheque Card,2000.0,2022-03-11,2028-04-25,Blocked,2026-05-20 21:18:03.982027
CRD0482,C311,Student,Cheque Card,10000.0,2019-12-25,2027-08-04,Expired,2026-05-20 21:18:03.982027
CRD0483,C312,Gold,Cheque Card,53000.0,2022-03-28,2027-04-20,Expired,2026-05-20 21:18:03.982027
CRD0484,C312,Business,Cheque Card,286000.0,2023-08-24,2027-03-01,Expired,2026-05-20 21:18:03.982027
CRD0485,C313,Platinum,Cheque Card,110000.0,2024-11-21,2028-04-05,Active,2026-05-20 21:18:03.982027
CRD0486,C313,Silver,Virtual Card,22000.0,2019-12-29,2026-06-02,Blocked,2026-05-20 21:18:03.982027
CRD0487,C314,Gold,Credit Card,60000.0,2024-03-07,2030-05-13,Expired,2026-05-20 21:18:03.982027
CRD0488,C314,Silver,Credit Card,16000.0,2021-01-31,2031-01-18,Blocked,2026-05-20 21:18:03.982027
CRD0489,C315,Gold,Cheque Card,62000.0,2022-05-29,2029-02-24,Expired,2026-05-20 21:18:03.982027
CRD0490,C316,Platinum,Credit Card,69000.0,2021-12-11,2028-01-24,Expired,2026-05-20 21:18:03.982027
CRD0491,C316,Silver,Cheque Card,13000.0,2022-03-24,2028-09-20,Active,2026-05-20 21:18:03.982027
CRD0492,C317,Gold,Credit Card,26000.0,2020-05-03,2030-09-02,Blocked,2026-05-20 21:18:03.982027
CRD0493,C318,Business,Virtual Card,290000.0,2023-01-21,2029-08-22,Blocked,2026-05-20 21:18:03.982027
CRD0494,C319,Silver,Virtual Card,25000.0,2020-05-04,2028-06-22,Expired,2026-05-20 21:18:03.982027
CRD0495,C319,Gold,Credit Card,41000.0,2020-10-29,2029-08-23,Active,2026-05-20 21:18:03.982027
CRD0496,C320,Gold,Virtual Card,33000.0,2023-01-03,2027-04-19,Active,2026-05-20 21:18:03.982027
CRD0497,C321,Silver,Cheque Card,11000.0,2022-04-02,2028-01-07,Expired,2026-05-20 21:18:03.982027
CRD0498,C322,Platinum,Credit Card,148000.0,2021-01-20,2030-09-02,Active,2026-05-20 21:18:03.982027
CRD0499,C322,Gold,Credit Card,59000.0,2022-08-14,2031-04-10,Blocked,2026-05-20 21:18:03.982027
CRD0500,C323,Silver,Cheque Card,18000.0,2023-01-24,2026-12-02,Expired,2026-05-20 21:18:03.982027
CRD0501,C323,Gold,Credit Card,25000.0,2020-07-14,2029-04-15,Blocked,2026-05-20 21:18:03.982027
CRD0502,C324,Gold,Cheque Card,35000.0,2020-02-24,2027-08-09,Active,2026-05-20 21:18:03.982027
CRD0503,C325,Silver,Virtual Card,29000.0,2024-11-23,2031-02-15,Expired,2026-05-20 21:18:03.982027
CRD0504,C326,Gold,Credit Card,51000.0,2024-03-01,2026-10-23,Active,2026-05-20 21:18:03.982027
CRD0505,C326,Gold,Credit Card,55000.0,2022-11-27,2028-02-17,Expired,2026-05-20 21:18:03.982027
CRD0506,C327,Gold,Virtual Card,58000.0,2022-11-02,2027-05-07,Expired,2026-05-20 21:18:03.982027
CRD0507,C328,Silver,Credit Card,17000.0,2020-06-11,2031-03-09,Expired,2026-05-20 21:18:03.982027
CRD0508,C329,Platinum,Credit Card,76000.0,2020-06-17,2026-10-27,Blocked,2026-05-20 21:18:03.982027
CRD0509,C330,Business,Credit Card,104000.0,2024-06-06,2030-08-18,Blocked,2026-05-20 21:18:03.982027
CRD0510,C330,Platinum,Credit Card,54000.0,2024-10-04,2029-09-15,Active,2026-05-20 21:18:03.982027
CRD0511,C331,Silver,Credit Card,12000.0,2022-05-20,2030-02-15,Active,2026-05-20 21:18:03.982027
CRD0512,C332,Silver,Virtual Card,16000.0,2025-08-03,2027-07-03,Active,2026-05-20 21:18:03.982027
CRD0513,C332,Silver,Credit Card,12000.0,2020-08-19,2031-02-15,Expired,2026-05-20 21:18:03.982027
CRD0514,C333,Silver,Cheque Card,21000.0,2020-10-19,2031-03-06,Expired,2026-05-20 21:18:03.982027
CRD0515,C333,Gold,Virtual Card,40000.0,2024-08-30,2029-07-30,Active,2026-05-20 21:18:03.982027
CRD0516,C333,Platinum,Virtual Card,147000.0,2019-02-27,2029-05-07,Active,2026-05-20 21:18:03.982027
CRD0517,C334,Business,Credit Card,293000.0,2025-01-09,2026-05-28,Expired,2026-05-20 21:18:03.982027
CRD0518,C334,Platinum,Credit Card,114000.0,2024-04-28,2028-06-08,Expired,2026-05-20 21:18:03.982027
CRD0519,C335,Gold,Credit Card,36000.0,2022-12-24,2028-07-05,Blocked,2026-05-20 21:18:03.982027
CRD0520,C335,Platinum,Credit Card,102000.0,2020-04-07,2030-08-26,Blocked,2026-05-20 21:18:03.982027
CRD0521,C336,Gold,Credit Card,56000.0,2023-01-19,2030-05-02,Blocked,2026-05-20 21:18:03.982027
CRD0522,C337,Platinum,Cheque Card,113000.0,2020-04-18,2028-07-16,Blocked,2026-05-20 21:18:03.982027
CRD0523,C337,Gold,Virtual Card,44000.0,2023-12-24,2027-08-25,Expired,2026-05-20 21:18:03.982027
CRD0524,C338,Student,Cheque Card,5000.0,2019-10-13,2031-02-05,Blocked,2026-05-20 21:18:03.982027
CRD0525,C339,Gold,Credit Card,68000.0,2024-07-06,2030-02-24,Active,2026-05-20 21:18:03.982027
CRD0526,C339,Gold,Virtual Card,67000.0,2019-12-15,2027-01-19,Active,2026-05-20 21:18:03.982027
CRD0527,C339,Gold,Virtual Card,62000.0,2020-02-21,2030-07-16,Active,2026-05-20 21:18:03.982027
CRD0528,C340,Business,Cheque Card,151000.0,2025-09-02,2031-02-11,Blocked,2026-05-20 21:18:03.982027
CRD0529,C341,Silver,Virtual Card,25000.0,2022-02-14,2030-09-02,Expired,2026-05-20 21:18:03.995749
CRD0530,C342,Gold,Virtual Card,50000.0,2022-12-29,2029-01-18,Expired,2026-05-20 21:18:03.995749
CRD0531,C342,Silver,Cheque Card,25000.0,2024-09-25,2027-12-12,Active,2026-05-20 21:18:03.995749
CRD0532,C343,Platinum,Cheque Card,112000.0,2024-07-29,2027-09-04,Expired,2026-05-20 21:18:03.995749
CRD0533,C343,Business,Credit Card,125000.0,2019-08-05,2031-01-14,Active,2026-05-20 21:18:03.995749
CRD0534,C344,Platinum,Credit Card,98000.0,2025-10-12,2030-03-11,Blocked,2026-05-20 21:18:03.995749
CRD0535,C345,Silver,Credit Card,12000.0,2024-10-30,2030-09-07,Blocked,2026-05-20 21:18:03.995749
CRD0536,C346,Platinum,Virtual Card,113000.0,2024-07-01,2029-03-18,Blocked,2026-05-20 21:18:03.995749
CRD0537,C346,Gold,Virtual Card,59000.0,2019-03-14,2030-08-31,Active,2026-05-20 21:18:03.995749
CRD0538,C347,Student,Credit Card,8000.0,2024-01-18,2028-02-23,Blocked,2026-05-20 21:18:03.995749
CRD0539,C347,Silver,Credit Card,11000.0,2020-12-25,2029-07-03,Expired,2026-05-20 21:18:03.995749
CRD0540,C347,Student,Cheque Card,4000.0,2024-07-06,2028-10-18,Active,2026-05-20 21:18:03.995749
CRD0541,C348,Silver,Credit Card,28000.0,2024-07-02,2030-01-30,Expired,2026-05-20 21:18:03.995749
CRD0542,C349,Gold,Cheque Card,60000.0,2020-10-02,2029-03-22,Active,2026-05-20 21:18:03.995749
CRD0543,C349,Gold,Cheque Card,62000.0,2023-03-28,2029-11-03,Expired,2026-05-20 21:18:03.995749
CRD0544,C350,Business,Cheque Card,115000.0,2019-04-26,2029-09-10,Active,2026-05-20 21:18:03.995749
CRD0545,C351,Student,Virtual Card,2000.0,2022-10-29,2028-07-07,Active,2026-05-20 21:18:03.995749
CRD0546,C352,Student,Cheque Card,7000.0,2019-08-20,2030-02-02,Active,2026-05-20 21:18:03.995749
CRD0547,C353,Gold,Virtual Card,30000.0,2019-09-26,2031-04-03,Blocked,2026-05-20 21:18:03.995749
CRD0548,C354,Platinum,Virtual Card,91000.0,2019-06-03,2028-12-18,Expired,2026-05-20 21:18:03.995749
CRD0549,C355,Gold,Cheque Card,42000.0,2019-03-25,2030-04-14,Blocked,2026-05-20 21:18:03.995749
CRD0550,C355,Gold,Cheque Card,49000.0,2025-05-25,2028-07-27,Blocked,2026-05-20 21:18:03.995749
CRD0551,C356,Student,Credit Card,5000.0,2022-10-08,2029-03-02,Expired,2026-05-20 21:18:03.995749
CRD0552,C356,Student,Virtual Card,7000.0,2020-11-13,2029-10-30,Blocked,2026-05-20 21:18:03.995749
CRD0553,C357,Platinum,Cheque Card,131000.0,2019-11-05,2031-02-04,Expired,2026-05-20 21:18:03.995749
CRD0554,C358,Platinum,Cheque Card,123000.0,2023-07-05,2030-11-22,Active,2026-05-20 21:18:03.995749
CRD0555,C359,Business,Virtual Card,248000.0,2020-01-24,2029-09-13,Blocked,2026-05-20 21:18:03.995749
CRD0556,C359,Platinum,Virtual Card,117000.0,2024-04-30,2028-10-10,Active,2026-05-20 21:18:03.995749
CRD0557,C360,Platinum,Cheque Card,114000.0,2022-05-13,2028-10-22,Expired,2026-05-20 21:18:03.995749
CRD0558,C361,Platinum,Cheque Card,82000.0,2024-10-11,2028-12-03,Expired,2026-05-20 21:18:03.995749
CRD0559,C362,Platinum,Credit Card,130000.0,2024-10-15,2031-03-21,Active,2026-05-20 21:18:03.995749
CRD0560,C362,Gold,Credit Card,67000.0,2024-03-29,2027-11-19,Expired,2026-05-20 21:18:03.995749
CRD0561,C363,Silver,Cheque Card,28000.0,2019-09-03,2029-04-23,Active,2026-05-20 21:18:03.995749
CRD0562,C364,Platinum,Credit Card,145000.0,2022-05-14,2031-02-11,Blocked,2026-05-20 21:18:03.995749
CRD0563,C365,Silver,Credit Card,30000.0,2021-04-13,2031-02-15,Blocked,2026-05-20 21:18:03.995749
CRD0564,C366,Platinum,Credit Card,82000.0,2025-09-28,2027-09-15,Blocked,2026-05-20 21:18:03.995749
CRD0565,C367,Platinum,Credit Card,81000.0,2022-06-25,2028-12-25,Blocked,2026-05-20 21:18:03.995749
CRD0566,C368,Platinum,Virtual Card,54000.0,2021-04-07,2027-04-11,Blocked,2026-05-20 21:18:03.995749
CRD0567,C368,Platinum,Cheque Card,85000.0,2025-03-05,2027-05-15,Expired,2026-05-20 21:18:03.995749
CRD0568,C369,Business,Cheque Card,300000.0,2019-03-23,2026-09-10,Active,2026-05-20 21:18:03.995749
CRD0569,C369,Platinum,Cheque Card,58000.0,2023-07-26,2028-06-02,Expired,2026-05-20 21:18:03.995749
CRD0570,C370,Platinum,Virtual Card,67000.0,2021-08-24,2027-01-04,Expired,2026-05-20 21:18:03.995749
CRD0571,C370,Gold,Credit Card,58000.0,2025-07-05,2030-09-23,Expired,2026-05-20 21:18:03.995749
CRD0572,C371,Silver,Credit Card,29000.0,2020-05-15,2030-09-19,Blocked,2026-05-20 21:18:03.995749
CRD0573,C372,Silver,Cheque Card,17000.0,2023-09-29,2027-08-09,Active,2026-05-20 21:18:03.995749
CRD0574,C373,Gold,Cheque Card,53000.0,2023-07-31,2027-10-22,Expired,2026-05-20 21:18:03.995749
CRD0575,C374,Gold,Virtual Card,32000.0,2022-07-20,2029-06-10,Blocked,2026-05-20 21:18:03.995749
CRD0576,C375,Platinum,Cheque Card,150000.0,2020-08-16,2028-06-01,Blocked,2026-05-20 21:18:03.995749
CRD0577,C376,Student,Credit Card,2000.0,2019-08-12,2030-04-03,Expired,2026-05-20 21:18:03.995749
CRD0578,C376,Gold,Virtual Card,49000.0,2022-06-20,2029-12-18,Expired,2026-05-20 21:18:03.995749
CRD0579,C377,Silver,Credit Card,27000.0,2021-08-26,2031-03-11,Blocked,2026-05-20 21:18:03.995749
CRD0580,C378,Business,Cheque Card,165000.0,2022-05-17,2026-11-20,Active,2026-05-20 21:18:03.995749
CRD0581,C379,Silver,Credit Card,24000.0,2022-07-23,2031-04-25,Expired,2026-05-20 21:18:03.995749
CRD0582,C380,Platinum,Credit Card,149000.0,2024-07-06,2029-01-08,Expired,2026-05-20 21:18:03.995749
CRD0583,C381,Silver,Virtual Card,23000.0,2020-02-16,2031-01-02,Active,2026-05-20 21:18:03.995749
CRD0584,C382,Gold,Cheque Card,51000.0,2025-10-02,2030-06-21,Expired,2026-05-20 21:18:03.995749
CRD0585,C382,Gold,Cheque Card,69000.0,2019-04-23,2030-08-27,Active,2026-05-20 21:18:03.995749
CRD0586,C383,Platinum,Cheque Card,132000.0,2020-07-11,2026-05-26,Blocked,2026-05-20 21:18:03.995749
CRD0587,C383,Platinum,Cheque Card,90000.0,2025-06-16,2026-11-04,Active,2026-05-20 21:18:03.995749
CRD0588,C384,Gold,Virtual Card,73000.0,2020-06-16,2031-02-17,Expired,2026-05-20 21:18:03.995749
CRD0589,C385,Gold,Cheque Card,53000.0,2024-05-13,2031-04-12,Expired,2026-05-20 21:18:03.995749
CRD0590,C385,Platinum,Credit Card,137000.0,2025-08-26,2031-01-07,Blocked,2026-05-20 21:18:03.995749
CRD0591,C386,Platinum,Cheque Card,97000.0,2021-01-15,2028-08-02,Blocked,2026-05-20 21:18:03.995749
CRD0592,C386,Business,Virtual Card,157000.0,2019-03-26,2026-07-06,Expired,2026-05-20 21:18:03.995749
CRD0593,C387,Gold,Credit Card,54000.0,2021-03-23,2027-11-07,Expired,2026-05-20 21:18:03.995749
CRD0594,C387,Silver,Credit Card,22000.0,2023-10-23,2029-09-30,Blocked,2026-05-20 21:18:03.995749
CRD0595,C388,Business,Credit Card,245000.0,2020-04-25,2026-06-17,Expired,2026-05-20 21:18:03.995749
CRD0596,C389,Gold,Cheque Card,68000.0,2024-07-17,2027-01-17,Active,2026-05-20 21:18:03.995749
CRD0597,C390,Platinum,Cheque Card,86000.0,2024-07-17,2028-07-10,Active,2026-05-20 21:18:03.995749
CRD0598,C390,Gold,Credit Card,63000.0,2021-06-01,2031-01-01,Blocked,2026-05-20 21:18:03.995749
CRD0599,C391,Platinum,Credit Card,102000.0,2020-08-20,2026-07-17,Blocked,2026-05-20 21:18:03.995749
CRD0600,C391,Business,Credit Card,258000.0,2024-01-22,2027-10-10,Blocked,2026-05-20 21:18:03.995749
CRD0601,C392,Gold,Credit Card,25000.0,2024-04-04,2027-02-16,Blocked,2026-05-20 21:18:03.995749
CRD0602,C392,Business,Cheque Card,275000.0,2021-05-19,2030-05-19,Blocked,2026-05-20 21:18:03.995749
CRD0603,C393,Gold,Cheque Card,29000.0,2020-01-26,2029-07-03,Active,2026-05-20 21:18:03.995749
CRD0604,C393,Platinum,Credit Card,110000.0,2022-12-22,2029-10-12,Expired,2026-05-20 21:18:03.995749
CRD0605,C394,Silver,Virtual Card,11000.0,2019-01-22,2027-10-21,Expired,2026-05-20 21:18:03.995749
CRD0606,C394,Silver,Cheque Card,22000.0,2023-02-28,2027-02-14,Expired,2026-05-20 21:18:03.995749
CRD0607,C394,Platinum,Credit Card,83000.0,2020-11-26,2029-03-16,Blocked,2026-05-20 21:18:03.995749
CRD0608,C395,Silver,Credit Card,12000.0,2022-07-23,2030-05-13,Expired,2026-05-20 21:18:03.995749
CRD0609,C395,Gold,Cheque Card,32000.0,2022-07-07,2026-08-18,Active,2026-05-20 21:18:03.995749
CRD0610,C395,Gold,Cheque Card,72000.0,2023-01-16,2028-10-16,Blocked,2026-05-20 21:18:03.995749
CRD0611,C396,Platinum,Cheque Card,116000.0,2022-07-06,2028-10-28,Active,2026-05-20 21:18:03.995749
CRD0612,C396,Platinum,Cheque Card,147000.0,2020-09-11,2029-07-01,Expired,2026-05-20 21:18:03.995749
CRD0613,C396,Gold,Cheque Card,28000.0,2021-02-12,2027-03-20,Active,2026-05-20 21:18:03.995749
CRD0614,C397,Platinum,Cheque Card,70000.0,2024-03-28,2028-10-29,Active,2026-05-20 21:18:03.995749
CRD0615,C398,Business,Credit Card,213000.0,2022-12-31,2030-05-11,Expired,2026-05-20 21:18:03.995749
CRD0616,C398,Gold,Cheque Card,32000.0,2020-08-29,2027-01-28,Blocked,2026-05-20 21:18:03.995749
CRD0617,C398,Platinum,Cheque Card,73000.0,2020-11-20,2030-08-02,Expired,2026-05-20 21:18:03.995749
CRD0618,C399,Gold,Virtual Card,62000.0,2021-05-19,2029-08-27,Active,2026-05-20 21:18:03.995749
CRD0619,C399,Gold,Virtual Card,36000.0,2023-09-02,2026-10-24,Active,2026-05-20 21:18:03.995749
CRD0620,C400,Silver,Cheque Card,10000.0,2022-03-10,2030-03-15,Expired,2026-05-20 21:18:03.995749
CRD0621,C400,Gold,Cheque Card,62000.0,2020-03-10,2031-01-28,Blocked,2026-05-20 21:18:03.995749
CRD0622,C401,Platinum,Virtual Card,134000.0,2024-05-19,2028-12-04,Expired,2026-05-20 21:18:03.995749
CRD0623,C402,Student,Credit Card,7000.0,2019-06-29,2030-01-22,Expired,2026-05-20 21:18:03.995749
CRD0624,C402,Student,Cheque Card,4000.0,2021-05-15,2031-03-22,Active,2026-05-20 21:18:03.995749
CRD0625,C402,Student,Cheque Card,7000.0,2019-08-16,2030-07-21,Active,2026-05-20 21:18:03.995749
CRD0626,C403,Silver,Credit Card,22000.0,2021-11-11,2027-05-19,Active,2026-05-20 21:18:03.995749
CRD0627,C404,Student,Credit Card,2000.0,2021-05-02,2027-04-18,Blocked,2026-05-20 21:18:03.995749
CRD0628,C404,Student,Cheque Card,4000.0,2020-05-08,2028-01-21,Blocked,2026-05-20 21:18:03.995749
CRD0629,C404,Student,Virtual Card,6000.0,2025-10-07,2027-02-12,Blocked,2026-05-20 21:18:03.995749
CRD0630,C405,Silver,Virtual Card,16000.0,2024-06-28,2028-11-17,Blocked,2026-05-20 21:18:03.995749
CRD0631,C405,Gold,Virtual Card,63000.0,2023-09-29,2026-11-20,Blocked,2026-05-20 21:18:03.995749
CRD0632,C406,Gold,Cheque Card,65000.0,2023-10-11,2026-11-26,Active,2026-05-20 21:18:03.995749
CRD0633,C406,Gold,Cheque Card,68000.0,2021-07-07,2030-01-05,Expired,2026-05-20 21:18:03.995749
CRD0634,C407,Silver,Virtual Card,30000.0,2024-11-19,2026-11-07,Blocked,2026-05-20 21:18:03.995749
CRD0635,C407,Gold,Credit Card,55000.0,2022-05-15,2027-03-20,Active,2026-05-20 21:18:03.995749
CRD0636,C408,Gold,Credit Card,58000.0,2023-10-18,2028-01-15,Expired,2026-05-20 21:18:03.995749
CRD0637,C408,Platinum,Credit Card,55000.0,2024-10-03,2026-12-26,Expired,2026-05-20 21:18:03.995749
CRD0638,C409,Platinum,Virtual Card,142000.0,2025-05-17,2030-12-09,Blocked,2026-05-20 21:18:03.995749
CRD0639,C410,Gold,Virtual Card,26000.0,2020-04-11,2030-07-14,Expired,2026-05-20 21:18:03.995749
CRD0640,C411,Silver,Cheque Card,11000.0,2019-12-08,2028-09-18,Expired,2026-05-20 21:18:03.995749
CRD0641,C412,Gold,Cheque Card,73000.0,2024-01-17,2029-11-17,Blocked,2026-05-20 21:18:03.995749
CRD0642,C413,Silver,Credit Card,16000.0,2021-01-28,2026-10-27,Expired,2026-05-20 21:18:03.995749
CRD0643,C414,Platinum,Virtual Card,63000.0,2023-11-12,2029-05-18,Active,2026-05-20 21:18:03.995749
CRD0644,C414,Platinum,Credit Card,51000.0,2020-12-04,2030-01-22,Blocked,2026-05-20 21:18:03.995749
CRD0645,C414,Gold,Cheque Card,67000.0,2025-10-01,2030-06-14,Blocked,2026-05-20 21:18:03.995749
CRD0646,C415,Silver,Virtual Card,21000.0,2023-06-06,2030-11-22,Blocked,2026-05-20 21:18:03.995749
CRD0647,C416,Platinum,Credit Card,64000.0,2019-03-07,2030-04-14,Active,2026-05-20 21:18:03.995749
CRD0648,C417,Platinum,Virtual Card,68000.0,2021-09-17,2028-10-28,Expired,2026-05-20 21:18:03.995749
CRD0649,C417,Silver,Virtual Card,16000.0,2019-12-19,2028-01-26,Blocked,2026-05-20 21:18:03.995749
CRD0650,C418,Silver,Credit Card,15000.0,2020-09-16,2030-07-11,Expired,2026-05-20 21:18:03.995749
CRD0651,C419,Gold,Credit Card,53000.0,2025-07-25,2027-09-28,Active,2026-05-20 21:18:03.995749
CRD0652,C420,Student,Cheque Card,2000.0,2022-09-29,2026-06-05,Active,2026-05-20 21:18:03.995749
CRD0653,C421,Student,Cheque Card,9000.0,2025-06-28,2029-09-21,Expired,2026-05-20 21:18:03.995749
CRD0654,C421,Student,Cheque Card,2000.0,2024-06-19,2028-08-15,Blocked,2026-05-20 21:18:03.995749
CRD0655,C422,Silver,Virtual Card,25000.0,2021-08-07,2030-05-21,Active,2026-05-20 21:18:03.995749
CRD0656,C423,Gold,Cheque Card,60000.0,2019-09-18,2027-11-19,Expired,2026-05-20 21:18:03.995749
CRD0657,C424,Gold,Cheque Card,64000.0,2022-11-21,2028-11-23,Expired,2026-05-20 21:18:03.995749
CRD0658,C425,Platinum,Virtual Card,74000.0,2024-04-06,2028-04-23,Blocked,2026-05-20 21:18:03.995749
CRD0659,C426,Gold,Virtual Card,46000.0,2025-10-02,2031-03-02,Expired,2026-05-20 21:18:03.995749
CRD0660,C427,Silver,Cheque Card,22000.0,2023-09-04,2031-01-20,Expired,2026-05-20 21:18:03.995749
CRD0661,C427,Student,Cheque Card,9000.0,2020-10-25,2029-11-13,Active,2026-05-20 21:18:03.995749
CRD0662,C428,Gold,Virtual Card,55000.0,2020-06-12,2027-05-09,Active,2026-05-20 21:18:03.995749
CRD0663,C429,Gold,Cheque Card,56000.0,2022-05-28,2027-09-12,Active,2026-05-20 21:18:03.995749
CRD0664,C430,Business,Cheque Card,166000.0,2023-01-02,2030-03-06,Active,2026-05-20 21:18:03.995749
CRD0665,C430,Platinum,Virtual Card,54000.0,2019-09-18,2028-04-10,Blocked,2026-05-20 21:18:03.995749
CRD0666,C431,Gold,Virtual Card,39000.0,2024-06-15,2027-10-30,Blocked,2026-05-20 21:18:03.995749
CRD0667,C432,Business,Virtual Card,168000.0,2020-09-11,2031-03-02,Expired,2026-05-20 21:18:03.995749
CRD0668,C432,Student,Virtual Card,3000.0,2019-07-26,2028-11-01,Blocked,2026-05-20 21:18:03.995749
CRD0669,C433,Silver,Credit Card,29000.0,2025-11-02,2030-10-07,Active,2026-05-20 21:18:03.995749
CRD0670,C433,Silver,Credit Card,26000.0,2020-03-07,2027-04-27,Expired,2026-05-20 21:18:03.995749
CRD0671,C433,Platinum,Credit Card,96000.0,2020-10-05,2030-06-19,Blocked,2026-05-20 21:18:03.995749
CRD0672,C434,Gold,Cheque Card,71000.0,2020-02-11,2027-03-31,Expired,2026-05-20 21:18:03.995749
CRD0673,C434,Platinum,Credit Card,65000.0,2021-04-06,2028-11-04,Blocked,2026-05-20 21:18:03.995749
CRD0674,C435,Platinum,Cheque Card,93000.0,2022-03-20,2029-03-19,Active,2026-05-20 21:18:03.995749
CRD0675,C435,Platinum,Cheque Card,141000.0,2023-08-27,2028-05-27,Expired,2026-05-20 21:18:03.995749
CRD0676,C436,Platinum,Virtual Card,103000.0,2021-07-23,2027-02-26,Blocked,2026-05-20 21:18:03.995749
CRD0677,C436,Gold,Cheque Card,54000.0,2024-10-15,2030-11-02,Expired,2026-05-20 21:18:03.995749
CRD0678,C437,Platinum,Credit Card,148000.0,2019-02-10,2030-05-28,Expired,2026-05-20 21:18:03.995749
CRD0679,C438,Platinum,Cheque Card,101000.0,2020-11-04,2028-10-24,Active,2026-05-20 21:18:03.995749
CRD0680,C438,Gold,Credit Card,67000.0,2020-09-10,2029-08-08,Active,2026-05-20 21:18:03.995749
CRD0681,C438,Business,Virtual Card,269000.0,2024-10-30,2028-01-15,Blocked,2026-05-20 21:18:03.995749
CRD0682,C439,Gold,Virtual Card,44000.0,2022-07-08,2028-04-23,Active,2026-05-20 21:18:03.995749
CRD0683,C440,Silver,Virtual Card,14000.0,2023-07-13,2028-11-18,Expired,2026-05-20 21:18:03.995749
CRD0684,C440,Platinum,Virtual Card,129000.0,2023-12-17,2030-04-17,Blocked,2026-05-20 21:18:03.995749
CRD0685,C441,Gold,Cheque Card,74000.0,2021-03-19,2031-04-28,Blocked,2026-05-20 21:18:03.995749
CRD0686,C441,Platinum,Virtual Card,92000.0,2023-05-17,2030-06-13,Expired,2026-05-20 21:18:03.995749
CRD0687,C442,Gold,Virtual Card,43000.0,2021-05-25,2026-11-26,Expired,2026-05-20 21:18:03.995749
CRD0688,C442,Silver,Virtual Card,20000.0,2020-10-17,2026-07-06,Active,2026-05-20 21:18:03.995749
CRD0689,C443,Gold,Cheque Card,40000.0,2022-05-29,2030-06-15,Blocked,2026-05-20 21:18:03.995749
CRD0690,C443,Business,Credit Card,287000.0,2019-09-03,2031-02-06,Blocked,2026-05-20 21:18:03.995749
CRD0691,C444,Student,Credit Card,2000.0,2020-05-25,2028-11-24,Blocked,2026-05-20 21:18:03.995749
CRD0692,C445,Platinum,Cheque Card,80000.0,2025-07-10,2029-07-21,Expired,2026-05-20 21:18:03.995749
CRD0693,C445,Student,Virtual Card,10000.0,2025-09-05,2027-09-10,Blocked,2026-05-20 21:18:03.995749
CRD0694,C446,Silver,Virtual Card,28000.0,2020-07-27,2030-05-21,Blocked,2026-05-20 21:18:03.995749
CRD0695,C447,Platinum,Cheque Card,116000.0,2025-07-13,2027-06-18,Blocked,2026-05-20 21:18:03.995749
CRD0696,C448,Gold,Cheque Card,51000.0,2019-12-02,2026-11-24,Active,2026-05-20 21:18:03.995749
CRD0697,C449,Platinum,Credit Card,107000.0,2019-11-16,2028-06-14,Expired,2026-05-20 21:18:03.995749
CRD0698,C450,Gold,Virtual Card,74000.0,2023-06-06,2031-04-09,Blocked,2026-05-20 21:18:03.995749
CRD0699,C451,Gold,Cheque Card,69000.0,2024-06-28,2030-06-26,Blocked,2026-05-20 21:18:03.995749
CRD0700,C451,Gold,Credit Card,57000.0,2020-06-04,2029-02-05,Expired,2026-05-20 21:18:03.995749
CRD0701,C452,Business,Virtual Card,235000.0,2020-04-28,2030-04-11,Active,2026-05-20 21:18:03.995749
CRD0702,C453,Platinum,Credit Card,121000.0,2023-02-21,2027-01-18,Expired,2026-05-20 21:18:03.995749
CRD0703,C454,Platinum,Cheque Card,123000.0,2022-04-01,2026-08-10,Expired,2026-05-20 21:18:03.995749
CRD0704,C454,Platinum,Cheque Card,89000.0,2023-03-14,2028-01-31,Blocked,2026-05-20 21:18:03.995749
CRD0705,C455,Gold,Credit Card,75000.0,2025-08-12,2028-09-29,Active,2026-05-20 21:18:03.995749
CRD0706,C456,Platinum,Cheque Card,77000.0,2021-01-19,2030-12-22,Expired,2026-05-20 21:18:03.995749
CRD0707,C456,Gold,Credit Card,60000.0,2022-11-29,2026-10-05,Active,2026-05-20 21:18:03.995749
CRD0708,C456,Platinum,Virtual Card,89000.0,2025-05-06,2028-12-01,Blocked,2026-05-20 21:18:03.995749
CRD0709,C457,Gold,Virtual Card,63000.0,2020-06-27,2030-08-27,Active,2026-05-20 21:18:03.995749
CRD0710,C457,Gold,Cheque Card,73000.0,2024-01-17,2030-02-14,Blocked,2026-05-20 21:18:03.995749
CRD0711,C458,Silver,Credit Card,29000.0,2023-08-05,2028-07-21,Active,2026-05-20 21:18:03.995749
CRD0712,C459,Platinum,Credit Card,135000.0,2023-12-20,2030-07-05,Blocked,2026-05-20 21:18:03.995749
CRD0713,C459,Gold,Credit Card,70000.0,2019-04-12,2029-08-03,Expired,2026-05-20 21:18:03.995749
CRD0714,C459,Silver,Virtual Card,19000.0,2025-04-17,2029-12-31,Active,2026-05-20 21:18:03.995749
CRD0715,C460,Platinum,Virtual Card,119000.0,2025-06-20,2030-08-18,Active,2026-05-20 21:18:03.995749
CRD0716,C460,Business,Virtual Card,148000.0,2024-05-03,2029-03-14,Active,2026-05-20 21:18:03.995749
CRD0717,C461,Silver,Credit Card,10000.0,2022-01-31,2030-10-17,Active,2026-05-20 21:18:03.995749
CRD0718,C462,Gold,Virtual Card,53000.0,2019-12-13,2030-11-27,Expired,2026-05-20 21:18:03.995749
CRD0719,C463,Platinum,Credit Card,112000.0,2019-04-06,2028-04-15,Blocked,2026-05-20 21:18:03.995749
CRD0720,C463,Platinum,Credit Card,117000.0,2022-07-23,2028-07-10,Blocked,2026-05-20 21:18:03.995749
CRD0721,C464,Student,Virtual Card,4000.0,2022-03-14,2027-03-10,Active,2026-05-20 21:18:03.995749
CRD0722,C465,Silver,Cheque Card,23000.0,2020-11-24,2026-09-17,Expired,2026-05-20 21:18:03.995749
CRD0723,C466,Gold,Virtual Card,28000.0,2022-05-05,2028-07-26,Active,2026-05-20 21:18:03.995749
CRD0724,C466,Silver,Cheque Card,20000.0,2021-11-22,2028-06-27,Active,2026-05-20 21:18:03.995749
CRD0725,C466,Gold,Credit Card,73000.0,2025-09-11,2029-09-01,Active,2026-05-20 21:18:03.995749
CRD0726,C467,Gold,Cheque Card,32000.0,2022-01-08,2026-09-21,Blocked,2026-05-20 21:18:03.995749
CRD0727,C468,Gold,Cheque Card,26000.0,2023-07-28,2029-12-07,Active,2026-05-20 21:18:03.995749
CRD0728,C469,Platinum,Virtual Card,125000.0,2020-02-20,2027-10-06,Expired,2026-05-20 21:18:03.995749
CRD0729,C469,Gold,Credit Card,44000.0,2025-05-16,2028-08-30,Blocked,2026-05-20 21:18:03.995749
CRD0730,C469,Platinum,Virtual Card,114000.0,2021-04-13,2030-10-09,Active,2026-05-20 21:18:03.995749
CRD0731,C470,Student,Credit Card,10000.0,2023-10-02,2029-06-29,Blocked,2026-05-20 21:18:03.995749
CRD0732,C471,Silver,Virtual Card,19000.0,2020-11-16,2026-05-21,Active,2026-05-20 21:18:03.995749
CRD0733,C472,Gold,Virtual Card,41000.0,2023-04-07,2028-05-08,Expired,2026-05-20 21:18:03.995749
CRD0734,C472,Platinum,Virtual Card,86000.0,2019-07-06,2027-04-15,Expired,2026-05-20 21:18:03.995749
CRD0735,C472,Gold,Credit Card,44000.0,2020-01-03,2028-08-06,Expired,2026-05-20 21:18:03.995749
CRD0736,C473,Platinum,Virtual Card,85000.0,2023-11-05,2027-07-25,Expired,2026-05-20 21:18:03.995749
CRD0737,C474,Silver,Virtual Card,20000.0,2021-12-06,2030-08-08,Expired,2026-05-20 21:18:03.995749
CRD0738,C475,Student,Cheque Card,7000.0,2021-05-12,2028-12-16,Expired,2026-05-20 21:18:03.995749
CRD0739,C476,Silver,Credit Card,30000.0,2019-01-09,2029-10-17,Blocked,2026-05-20 21:18:03.995749
CRD0740,C477,Platinum,Credit Card,102000.0,2025-03-26,2030-04-15,Expired,2026-05-20 21:18:03.995749
CRD0741,C478,Platinum,Credit Card,150000.0,2019-11-14,2029-05-27,Active,2026-05-20 21:18:03.995749
CRD0742,C479,Silver,Cheque Card,13000.0,2022-12-16,2030-12-09,Blocked,2026-05-20 21:18:03.995749
CRD0743,C479,Silver,Cheque Card,22000.0,2020-12-26,2031-02-01,Expired,2026-05-20 21:18:03.995749
CRD0744,C480,Platinum,Cheque Card,74000.0,2023-12-26,2026-06-08,Active,2026-05-20 21:18:03.995749
CRD0745,C480,Gold,Cheque Card,68000.0,2023-01-05,2027-06-16,Active,2026-05-20 21:18:03.995749
CRD0746,C480,Gold,Virtual Card,44000.0,2021-06-24,2027-09-11,Blocked,2026-05-20 21:18:03.995749
CRD0747,C481,Platinum,Cheque Card,140000.0,2025-10-18,2027-07-22,Active,2026-05-20 21:18:03.995749
CRD0748,C481,Platinum,Virtual Card,100000.0,2020-03-30,2031-04-05,Blocked,2026-05-20 21:18:03.995749
CRD0749,C481,Gold,Cheque Card,35000.0,2025-03-10,2027-06-20,Expired,2026-05-20 21:18:03.995749
CRD0750,C482,Silver,Virtual Card,28000.0,2020-12-19,2026-09-30,Expired,2026-05-20 21:18:03.995749
CRD0751,C482,Platinum,Credit Card,66000.0,2021-11-29,2029-07-30,Active,2026-05-20 21:18:03.995749
CRD0752,C483,Silver,Cheque Card,16000.0,2019-04-05,2030-04-08,Expired,2026-05-20 21:18:03.995749
CRD0753,C483,Gold,Cheque Card,68000.0,2025-04-13,2031-05-02,Blocked,2026-05-20 21:18:03.995749
CRD0754,C484,Gold,Virtual Card,66000.0,2019-08-01,2031-03-03,Blocked,2026-05-20 21:18:03.995749
CRD0755,C485,Student,Cheque Card,3000.0,2024-10-23,2028-12-30,Blocked,2026-05-20 21:18:03.995749
CRD0756,C486,Gold,Virtual Card,39000.0,2019-07-12,2027-12-10,Blocked,2026-05-20 21:18:03.995749
CRD0757,C487,Platinum,Cheque Card,74000.0,2022-10-02,2026-11-03,Expired,2026-05-20 21:18:03.995749
CRD0758,C488,Student,Credit Card,8000.0,2019-11-01,2027-10-13,Active,2026-05-20 21:18:03.995749
CRD0759,C488,Platinum,Cheque Card,58000.0,2020-02-01,2026-07-16,Blocked,2026-05-20 21:18:03.995749
CRD0760,C489,Gold,Virtual Card,46000.0,2021-10-22,2027-10-08,Active,2026-05-20 21:18:03.995749
CRD0761,C490,Business,Credit Card,185000.0,2024-10-29,2030-11-01,Active,2026-05-20 21:18:03.995749
CRD0762,C491,Gold,Virtual Card,53000.0,2020-01-27,2029-11-20,Blocked,2026-05-20 21:18:03.995749
CRD0763,C491,Gold,Credit Card,28000.0,2019-05-17,2028-06-30,Blocked,2026-05-20 21:18:03.995749
CRD0764,C491,Silver,Virtual Card,12000.0,2020-06-06,2026-09-23,Blocked,2026-05-20 21:18:03.995749
CRD0765,C492,Gold,Cheque Card,29000.0,2020-02-22,2030-03-07,Active,2026-05-20 21:18:03.995749
CRD0766,C493,Platinum,Cheque Card,101000.0,2020-01-28,2029-11-04,Blocked,2026-05-20 21:18:03.995749
CRD0767,C493,Platinum,Virtual Card,150000.0,2019-02-13,2028-12-03,Blocked,2026-05-20 21:18:03.995749
CRD0768,C494,Gold,Virtual Card,64000.0,2020-02-19,2028-04-14,Expired,2026-05-20 21:18:03.995749
CRD0769,C495,Gold,Cheque Card,58000.0,2022-09-06,2029-09-04,Active,2026-05-20 21:18:03.995749
CRD0770,C495,Platinum,Credit Card,126000.0,2019-10-04,2029-09-15,Active,2026-05-20 21:18:03.995749
CRD0771,C495,Silver,Credit Card,30000.0,2024-09-15,2027-10-26,Blocked,2026-05-20 21:18:03.995749
CRD0772,C496,Gold,Cheque Card,36000.0,2021-09-22,2027-02-25,Active,2026-05-20 21:18:03.995749
CRD0773,C497,Student,Cheque Card,10000.0,2023-01-05,2028-02-16,Expired,2026-05-20 21:18:03.995749
CRD0774,C498,Gold,Credit Card,55000.0,2022-06-18,2029-10-06,Blocked,2026-05-20 21:18:03.995749
CRD0775,C498,Platinum,Credit Card,116000.0,2025-07-30,2030-01-25,Expired,2026-05-20 21:18:03.995749
CRD0776,C499,Platinum,Virtual Card,56000.0,2023-09-25,2028-04-23,Active,2026-05-20 21:18:03.995749
CRD0777,C500,Gold,Credit Card,75000.0,2019-10-08,2028-04-18,Active,2026-05-20 21:18:03.995749
CRD0778,C500,Gold,Virtual Card,69000.0,2024-03-29,2029-09-29,Expired,2026-05-20 21:18:03.995749
CRD0779,C500,Platinum,Virtual Card,122000.0,2022-10-06,2029-11-01,Blocked,2026-05-20 21:18:03.995749
